1,0.998932,0.999001,0.585868,0.512356,0.999147,0.92687,0.124877,0.926879,0.942927,QSO
2,0.998763,0.998659,0.373856,0.33013,0.998746,0.235167,0.001425,0.23516,0.438695,STAR
3,0.999294,0.999201,0.610394,0.500196,0.999038,0.926877,0.140179,0.926879,0.942927,GALAXY
4,0.999134,0.999115,0.573885,0.452414,0.999007,0.450776,0.098235,0.450778,0.641862,GALAXY
5,0.999148,0.998938,0.510892,0.423918,0.998909,0.401768,0.001416,0.401759,0.612097,STAR
6,0.998988,0.998808,0.419389,0.353955,0.998778,0.024598,0.040418,0.024591,0.088203,GALAXY
7,0.998739,0.998779,0.454969,0.397416,0.998901,0.035665,0.031042,0.035665,0.081513,GALAXY
8,0.999221,0.999286,0.633387,0.512271,0.99901,0.853414,0.001969,0.851559,0.926133,STAR
9,0.999109,0.999056,0.529849,0.436679,0.998975,0.345407,0.071615,0.345412,0.545057,GALAXY
10,0.999363,0.999043,0.529907,0.427158,0.998935,0.04625,0.086084,0.04625,0.096668,GALAXY
11,0.998633,0.998655,0.401568,0.359379,0.998824,0.758899,0.00155,0.758896,0.843665,STAR
12,0.998656,0.99864,0.376853,0.324472,0.998721,0.130443,0.018555,0.130445,0.233479,GALAXY
13,0.998691,0.998667,0.3977,0.353827,0.998803,0.185496,0.001385,0.18549,0.310759,STAR
14,0.999263,0.999064,0.520578,0.429255,0.998917,0.480249,0.070376,0.480254,0.624386,GALAXY
15,0.999238,0.999078,0.544894,0.449883,0.998999,0.291921,0.082838,0.291914,0.504369,GALAXY
16,0.999009,0.999061,0.623647,0.554159,0.999259,0.30902,0.325592,0.309014,0.512561,QSO
17,0.999313,0.999077,0.558878,0.466609,0.99902,0.483341,0.068508,0.483348,0.635991,GALAXY
18,0.998747,0.998754,0.448175,0.400342,0.998912,0.241917,0.00141,0.241918,0.44716,STAR
19,0.999227,0.999209,0.592608,0.41647,0.998764,0.096248,0.001408,0.096246,0.206445,STAR
20,0.999018,0.999203,0.59581,0.480625,0.999014,0.644887,0.12015,0.644899,0.797925,GALAXY
21,0.998948,0.998815,0.434296,0.367038,0.998808,0.134116,0.001383,0.13411,0.233889,STAR
22,0.999006,0.999038,0.531497,0.444563,0.998981,0.476997,0.065065,0.476997,0.628482,GALAXY
23,0.998742,0.998766,0.460011,0.411447,0.998941,0.518615,0.001265,0.518606,0.650191,STAR
24,0.999038,0.999,0.591655,0.522686,0.999173,0.347782,0.001332,0.347773,0.573184,STAR
25,0.999094,0.999164,0.606689,0.486459,0.999047,0.853421,0.098439,0.853432,0.902785,GALAXY
26,0.9989,0.99887,0.512873,0.458568,0.999043,0.401273,0.001338,0.40127,0.608138,STAR
27,0.999325,0.999199,0.667779,0.550481,0.999061,0.58122,0.151469,0.581223,0.705625,GALAXY
28,0.998666,0.998646,0.382212,0.332544,0.998742,0.158698,0.014479,0.1587,0.298334,GALAXY
29,0.998984,0.998965,0.489907,0.407959,0.998901,0.499879,0.066409,0.499878,0.646368,GALAXY
30,0.999021,0.998849,0.44905,0.375739,0.998828,0.040312,0.001415,0.040306,0.398143,STAR
31,0.999262,0.999062,0.530381,0.43871,0.998963,0.289969,0.065905,0.28996,0.540279,GALAXY
32,0.998762,0.998858,0.505586,0.458325,0.999033,0.730556,0.203561,0.730559,0.874522,QSO
33,0.999065,0.999061,0.586617,0.523088,0.999046,0.758494,0.141044,0.758489,0.843119,GALAXY
34,0.999229,0.999077,0.547332,0.440754,0.998949,0.458278,0.085775,0.458269,0.604997,GALAXY
35,0.999308,0.998882,0.479308,0.39472,0.998872,0.462413,0.001374,0.462422,0.628755,STAR
36,0.9986,0.998615,0.375995,0.336236,0.998768,0.217657,0.001492,0.217653,0.396914,STAR
37,0.999043,0.999114,0.5809,0.473354,0.999031,0.528139,0.093152,0.528133,0.649645,GALAXY
38,0.998978,0.999151,0.655125,0.597798,0.999267,0.737485,0.14146,0.737481,0.879164,GALAXY
39,0.99869,0.998607,0.341972,0.290173,0.998631,0.009129,0.011174,0.00912,0.073457,GALAXY
40,0.998996,0.999138,0.576149,0.466438,0.999022,0.193303,0.103222,0.193307,0.391316,GALAXY
41,0.998791,0.998885,0.521326,0.473436,0.999097,0.699618,0.14794,0.699617,0.797652,QSO
42,0.999109,0.999064,0.575854,0.492025,0.999102,0.645709,0.001303,0.645713,0.783452,STAR
43,0.998815,0.998858,0.521179,0.473412,0.9991,0.425128,0.383381,0.425128,0.597215,QSO
44,0.998889,0.998756,0.396864,0.335418,0.998732,0.396786,0.032715,0.396792,0.581376,GALAXY
45,0.998903,0.998931,0.543108,0.48328,0.99911,0.814824,0.001467,0.814836,0.936374,STAR
46,0.998868,0.998945,0.54192,0.490558,0.999116,0.690568,0.151742,0.690579,0.790961,QSO
47,0.999163,0.999198,0.623164,0.513417,0.999044,0.740652,0.119299,0.740656,0.845576,GALAXY
48,0.998861,0.998939,0.565869,0.504436,0.999134,0.811403,0.310788,0.811416,0.896095,QSO
49,0.999032,0.999016,0.53055,0.440597,0.998957,0.561508,0.085171,0.561518,0.682277,GALAXY
50,0.99897,0.999193,0.613774,0.503423,0.99906,0.620874,0.154604,0.620878,0.78154,GALAXY
51,0.99889,0.998993,0.582923,0.521845,0.999165,0.671286,0.197372,0.671281,0.85172,QSO
52,0.998991,0.998875,0.453264,0.382106,0.998835,0.366174,0.035614,0.366175,0.581786,GALAXY
53,0.998575,0.998586,0.360456,0.313166,0.998706,0.091683,0.009474,0.091686,0.165756,GALAXY
54,0.998675,0.9986,0.353741,0.310583,0.998698,0.186309,0.001385,0.186304,0.362507,STAR
55,0.998646,0.99866,0.396427,0.346688,0.998784,0.053747,0.01412,0.053742,0.109913,GALAXY
56,0.999105,0.998964,0.487519,0.406388,0.998881,0.503453,0.065734,0.503461,0.64828,GALAXY
57,0.998933,0.998922,0.547104,0.480916,0.999084,0.55907,0.00133,0.559075,0.676816,STAR
58,0.998682,0.998743,0.453006,0.400189,0.998886,0.425787,0.306902,0.42578,0.585472,QSO
59,0.998827,0.998715,0.3731,0.317146,0.998689,0.001717,0.040104,0.00171,0.056663,GALAXY
60,0.998861,0.998912,0.548332,0.49319,0.999145,0.309257,0.001408,0.309258,0.513108,STAR
61,0.999048,0.999068,0.539289,0.439855,0.998955,0.560631,0.083783,0.560622,0.681322,GALAXY
62,0.99918,0.999078,0.553878,0.460506,0.999016,0.287115,0.076917,0.28711,0.492081,GALAXY
63,0.99912,0.999034,0.614608,0.481858,0.99913,0.758479,0.00142,0.758489,0.843119,GALAXY
64,0.999333,0.999055,0.529539,0.433705,0.998952,0.373018,0.074886,0.373015,0.590251,GALAXY
65,0.999178,0.998918,0.448226,0.379504,0.998836,0.408767,0.017889,0.408762,0.630393,GALAXY
66,0.999042,0.999042,0.545364,0.453661,0.999001,0.454856,0.081382,0.454849,0.604315,GALAXY
67,0.9991,0.999033,0.598616,0.535741,0.999237,0.286782,0.00144,0.286784,0.496723,STAR
68,0.998635,0.998614,0.367427,0.323582,0.998729,0.05366,0.001423,0.05366,0.10964,STAR
69,0.998617,0.998638,0.39277,0.35169,0.998807,0.696602,0.001372,0.696605,0.836019,STAR
70,0.999187,0.999025,0.534762,0.448293,0.998983,0.45159,0.073486,0.451592,0.648007,GALAXY
71,0.999172,0.998922,0.488212,0.417453,0.998926,0.032902,0.035714,0.032896,0.124522,GALAXY
72,0.999096,0.999057,0.529656,0.436935,0.998968,0.29028,0.068955,0.290286,0.537275,GALAXY
73,0.999286,0.999162,0.5856,0.462228,0.999016,0.326938,0.098242,0.326928,0.57728,GALAXY
74,0.998975,0.999022,0.587278,0.537683,0.999245,0.389626,0.367292,0.389626,0.628891,QSO
75,0.998971,0.998935,0.498182,0.425201,0.998925,0.498334,0.052472,0.498331,0.644047,GALAXY
76,0.999136,0.998963,0.476351,0.403343,0.998886,0.144046,0.052096,0.144044,0.24959,GALAXY
77,0.998678,0.998775,0.484768,0.426902,0.998983,0.193384,0.254267,0.193388,0.358001,QSO
78,0.999088,0.999092,0.550718,0.451127,0.998996,0.414705,0.075238,0.414706,0.593255,GALAXY
79,0.999232,0.999113,0.55802,0.46248,0.999015,0.33573,0.077549,0.335722,0.536729,GALAXY
80,0.998983,0.998955,0.478036,0.393298,0.998861,0.093888,0.07058,0.093885,0.209721,GALAXY
81,0.998944,0.998893,0.458124,0.385048,0.998839,0.338011,0.046045,0.338002,0.576324,GALAXY
82,0.999203,0.998957,0.480528,0.404963,0.998894,0.366494,0.05286,0.366501,0.592299,GALAXY
83,0.999168,0.999083,0.576583,0.5121,0.999324,0.759868,0.10349,0.759873,0.884353,GALAXY
84,0.998796,0.998817,0.491238,0.441304,0.999005,0.211956,0.001445,0.211953,0.388585,STAR
85,0.998789,0.998874,0.532039,0.467157,0.999076,0.075317,0.227243,0.07532,0.145549,QSO
86,0.998537,0.998627,0.396864,0.353746,0.998796,0.006273,0.276883,0.00627,0.011469,QSO
87,0.999316,0.999028,0.516965,0.421841,0.998937,0.525523,0.072909,0.525527,0.652922,GALAXY
88,0.998498,0.998416,0.26087,0.231602,0.998527,0.213992,0.00139,0.213989,0.400191,STAR
89,0.998686,0.998573,0.335604,0.293823,0.998659,0.243551,0.001424,0.243547,0.447843,STAR
90,0.999144,0.999079,0.603784,0.535251,0.999315,0.693998,0.001326,0.693999,0.78509,STAR
91,0.999188,0.999205,0.599619,0.488929,0.999044,0.595056,0.001401,0.595066,0.7287,STAR
92,0.998842,0.998776,0.405221,0.344937,0.998758,0.333768,0.036003,0.333768,0.536729,GALAXY
93,0.998989,0.998979,0.546571,0.485145,0.9991,0.64832,0.0014,0.648319,0.793965,STAR
94,0.99871,0.998674,0.398956,0.348093,0.998783,0.171403,0.011362,0.171403,0.294102,GALAXY
95,0.999163,0.999103,0.610709,0.559337,0.999305,0.619647,0.401028,0.619656,0.736483,QSO
96,0.99909,0.999075,0.540764,0.447624,0.998978,0.476189,0.06582,0.476183,0.628209,GALAXY
97,0.999136,0.998956,0.502275,0.396915,0.99885,0.0329,0.001409,0.032896,0.124522,STAR
98,0.999174,0.999074,0.535881,0.444708,0.998971,0.42431,0.075837,0.424314,0.603768,GALAXY
99,0.998935,0.999054,0.598081,0.536309,0.999195,0.670212,0.1932,0.670222,0.89473,QSO
100,0.999295,0.999185,0.590452,0.471548,0.99904,0.311212,0.086496,0.311212,0.524713,GALAXY
101,0.999235,0.999083,0.581131,0.511044,0.999132,0.747335,0.044488,0.747333,0.882714,GALAXY
102,0.998912,0.99884,0.494068,0.435302,0.998989,0.597828,0.411138,0.597834,0.7287,QSO
103,0.998996,0.998864,0.464295,0.395052,0.998878,0.134112,0.001403,0.13411,0.233889,STAR
104,0.999178,0.998999,0.503063,0.409132,0.998889,0.308129,0.076416,0.308118,0.544921,GALAXY
105,0.998703,0.99868,0.394796,0.338437,0.998746,0.143068,0.011019,0.143067,0.306253,GALAXY
106,0.999078,0.99908,0.553046,0.462478,0.999019,0.52725,0.065629,0.527237,0.653468,GALAXY
107,0.999004,0.998898,0.50211,0.437657,0.998994,0.851715,0.00142,0.851722,0.899918,STAR
108,0.999028,0.999074,0.547402,0.441094,0.998967,0.305836,0.095432,0.305838,0.511196,GALAXY
109,0.998746,0.998762,0.463693,0.417565,0.998952,0.215536,0.001447,0.215536,0.398416,STAR
110,0.999205,0.999097,0.564916,0.462944,0.999006,0.458182,0.074915,0.458187,0.604315,GALAXY
111,0.998724,0.998645,0.348999,0.296795,0.998641,0.007902,0.023318,0.007898,0.052021,GALAXY
112,0.998864,0.998983,0.572562,0.512551,0.99916,0.654827,0.153125,0.654833,0.793146,QSO
113,0.998833,0.998809,0.467834,0.414135,0.998935,0.559881,0.001367,0.559889,0.677089,STAR
114,0.99909,0.999096,0.539936,0.438259,0.998963,0.45468,0.086638,0.454686,0.605407,GALAXY
115,0.999289,0.999204,0.645545,0.511398,0.999054,0.649049,0.139249,0.649051,0.894866,GALAXY
116,0.999284,0.999096,0.563815,0.458469,0.998989,0.904978,0.001444,0.904975,0.935827,STAR
117,0.998592,0.998517,0.312107,0.278058,0.998632,0.231175,0.001431,0.23117,0.439241,STAR
118,0.999021,0.999071,0.61868,0.543687,0.999195,0.744326,0.120874,0.74432,0.878345,GALAXY
119,0.998982,0.999103,0.569704,0.474384,0.999031,0.34713,0.082513,0.347122,0.540005,GALAXY
120,0.998776,0.998721,0.395883,0.335663,0.998729,0.030291,0.018209,0.030291,0.064582,GALAXY
121,0.998818,0.998806,0.488997,0.422615,0.998975,0.425857,0.001428,0.425861,0.58438,STAR
122,0.999003,0.998861,0.443345,0.377227,0.998833,0.413332,0.042792,0.413321,0.600082,GALAXY
123,0.998881,0.998923,0.540717,0.482681,0.999102,0.741151,0.001364,0.741145,0.847761,STAR
124,0.999067,0.999091,0.561217,0.456255,0.998987,0.33752,0.082953,0.337513,0.622064,GALAXY
125,0.998927,0.998813,0.426175,0.36293,0.998796,0.558429,0.037861,0.558424,0.697979,GALAXY
126,0.998933,0.998932,0.560327,0.50225,0.999138,0.457871,0.340724,0.457862,0.604861,QSO
127,0.999147,0.999041,0.5257,0.431457,0.998953,0.409739,0.07483,0.409739,0.596805,GALAXY
128,0.999371,0.999068,0.548456,0.446028,0.99898,0.524639,0.088055,0.524632,0.658247,GALAXY
129,0.998862,0.998774,0.439263,0.384179,0.998874,0.17873,0.001407,0.178731,0.404424,STAR
130,0.999261,0.999061,0.593761,0.517559,0.999156,0.757843,0.116656,0.757837,0.843665,GALAXY
131,0.999355,0.999027,0.525215,0.433856,0.998949,0.551665,0.070654,0.551665,0.677362,GALAXY
132,0.998848,0.998762,0.391352,0.330622,0.998716,0.492466,0.042781,0.492468,0.625751,GALAXY
133,0.999254,0.999262,0.633214,0.508232,0.999062,0.65474,0.114269,0.654751,0.834926,GALAXY
134,0.999079,0.999058,0.541543,0.441853,0.99897,0.386213,0.080593,0.386206,0.559667,GALAXY
135,0.998695,0.998606,0.33686,0.287392,0.998622,0.182642,0.020473,0.18264,0.351174,GALAXY
136,0.998682,0.998664,0.38329,0.332215,0.998732,0.050809,0.021061,0.05081,0.133124,GALAXY
137,0.999172,0.999054,0.537492,0.445537,0.998988,0.522593,0.070956,0.522596,0.655926,GALAXY
138,0.998826,0.998829,0.481939,0.426087,0.998965,0.167498,0.001318,0.167495,0.378482,STAR
139,0.999049,0.999152,0.655062,0.539177,0.999146,0.756129,0.102285,0.756127,0.847351,GALAXY
140,0.999248,0.998968,0.493165,0.414412,0.99892,0.5576,0.060157,0.557609,0.701802,GALAXY
141,0.998659,0.998633,0.373324,0.324026,0.998718,0.073451,0.017774,0.073447,0.153332,GALAXY
142,0.999145,0.999274,0.608411,0.494454,0.999047,0.67054,0.108613,0.670548,0.807073,GALAXY
143,0.998785,0.998793,0.469992,0.415601,0.998943,0.061728,0.00137,0.061721,0.166303,STAR
144,0.999141,0.999012,0.533306,0.444947,0.998986,0.519009,0.076523,0.519013,0.652239,GALAXY
145,0.998605,0.998572,0.336601,0.288091,0.998633,0.073201,0.012174,0.073203,0.149508,GALAXY
146,0.999184,0.999181,0.644649,0.552372,0.999247,0.824486,0.124063,0.827538,0.892545,GALAXY
147,0.999256,0.99909,0.550315,0.449274,0.998983,0.348026,0.075633,0.348017,0.580967,GALAXY
148,0.998572,0.998531,0.32095,0.277816,0.998614,0.114648,0.006579,0.114649,0.253413,GALAXY
149,0.998734,0.998703,0.411207,0.36258,0.998821,0.177104,0.001351,0.177103,0.335472,STAR
150,0.999377,0.998998,0.499773,0.408445,0.998883,0.444588,0.073509,0.444589,0.685145,GALAXY
151,0.998844,0.998781,0.433062,0.369757,0.998816,0.185659,0.080451,0.185653,0.411933,GALAXY
152,0.998679,0.998661,0.393673,0.345242,0.998774,0.095682,0.009524,0.095676,0.201393,GALAXY
153,0.998798,0.998819,0.487826,0.437111,0.998998,0.444436,0.001471,0.444426,0.649372,STAR
154,0.998622,0.998621,0.382376,0.338264,0.99876,0.010752,0.006333,0.010748,0.024713,GALAXY
155,0.999334,0.999071,0.544946,0.437021,0.998961,0.319199,0.081772,0.319192,0.557482,GALAXY
156,0.999106,0.999066,0.559542,0.454423,0.99901,0.483668,0.088304,0.483674,0.633124,GALAXY
157,0.998793,0.998706,0.385225,0.329326,0.998722,0.181748,0.02562,0.181744,0.349672,GALAXY
158,0.998869,0.998754,0.395235,0.336322,0.99874,0.169449,0.034337,0.169449,0.293419,GALAXY
159,0.999098,0.999129,0.662113,0.558403,0.99924,0.82769,0.126217,0.827701,0.891453,GALAXY
160,0.998563,0.998496,0.299004,0.263067,0.998595,0.144288,0.001402,0.144288,0.234708,STAR
161,0.998642,0.998639,0.380129,0.330731,0.998738,0.064255,0.015724,0.064246,0.157428,GALAXY
162,0.999431,0.998975,0.484381,0.398172,0.998866,0.140865,0.072564,0.140868,0.24959,GALAXY
163,0.99892,0.998915,0.514619,0.447751,0.998998,0.583265,0.001425,0.583259,0.70071,STAR
164,0.999293,0.999026,0.614695,0.518768,0.999133,0.759398,0.166227,0.760036,0.88722,GALAXY
165,0.998808,0.998908,0.530957,0.476735,0.999054,0.645624,0.136869,0.645631,0.789596,QSO
166,0.998698,0.998678,0.393892,0.341319,0.998759,0.038932,0.014793,0.038922,0.087794,GALAXY
167,0.999048,0.99892,0.466223,0.392364,0.99886,0.193141,0.044876,0.193144,0.339569,GALAXY
168,0.998703,0.998685,0.40193,0.352023,0.998793,0.569016,0.001389,0.569009,0.685008,STAR
169,0.999083,0.999027,0.51692,0.428059,0.99895,0.479283,0.066613,0.479277,0.622064,GALAXY
170,0.998727,0.998735,0.44727,0.527969,0.999014,0.883723,0.001453,0.883723,0.938968,STAR
171,0.998981,0.998943,0.477941,0.402734,0.998884,0.042268,0.051817,0.04226,0.099809,GALAXY
172,0.998943,0.999045,0.612937,0.545886,0.999236,0.662657,0.296971,0.66265,0.801884,QSO
173,0.999055,0.999084,0.541737,0.450537,0.998994,0.411531,0.072042,0.41153,0.599536,GALAXY
174,0.998819,0.998729,0.398889,0.340502,0.998746,0.094296,0.018509,0.094292,0.178045,GALAXY
175,0.999119,0.999012,0.608656,0.549644,0.999203,0.340782,0.348027,0.34077,0.536455,QSO
176,0.998659,0.998684,0.417395,0.373083,0.998852,0.327904,0.001303,0.327905,0.532632,STAR
177,0.99878,0.998753,0.441028,0.392131,0.99889,0.156501,0.001377,0.156502,0.407837,STAR
178,0.999098,0.99916,0.635026,0.543532,0.999277,0.757742,0.110024,0.757756,0.850492,GALAXY
179,0.998797,0.998759,0.431047,0.37576,0.998842,0.168474,0.001447,0.168472,0.289732,STAR
180,0.998574,0.998595,0.374447,0.33745,0.998776,0.64572,0.001403,0.645713,0.783452,STAR
181,0.999427,0.999015,0.513335,0.425649,0.998912,0.387668,0.069329,0.387672,0.629437,GALAXY
182,0.998667,0.998678,0.397703,0.34374,0.998774,0.018411,0.030488,0.018402,0.047378,GALAXY
183,0.999022,0.999134,0.616224,0.535052,0.999164,0.693924,0.130198,0.693917,0.785363,QSO
184,0.999063,0.998866,0.457429,0.397506,0.998864,0.10627,0.001403,0.106262,0.213818,STAR
185,0.998751,0.998775,0.467118,0.412876,0.998967,0.100321,0.014598,0.100318,0.178318,GALAXY
186,0.998971,0.999115,0.592443,0.476733,0.999067,0.49743,0.082475,0.497435,0.643774,GALAXY
187,0.998744,0.998761,0.456534,0.408095,0.998936,0.255675,0.00132,0.25568,0.459039,STAR
188,0.998484,0.998452,0.28657,0.256439,0.998585,0.101787,0.001454,0.101783,0.180912,STAR
189,0.999015,0.999095,0.563023,0.461166,0.999007,0.369019,0.08126,0.369025,0.554888,GALAXY
190,0.998645,0.998575,0.332485,0.286976,0.99863,0.188832,0.011083,0.188828,0.339842,GALAXY
191,0.998586,0.998573,0.370316,0.336036,0.998771,0.23378,0.001364,0.233776,0.42627,STAR
192,0.998833,0.998831,0.497429,0.446913,0.999021,0.528374,0.001392,0.528377,0.656062,STAR
193,0.999187,0.999143,0.594052,0.479738,0.999025,0.663142,0.102374,0.663138,0.801884,GALAXY
194,0.998752,0.998825,0.499999,0.453417,0.999018,0.417796,0.113868,0.4178,0.592026,QSO
195,0.999244,0.99908,0.565589,0.459407,0.999055,0.334582,0.079574,0.334582,0.584517,GALAXY
196,0.998792,0.998782,0.466333,0.416527,0.998947,0.135418,0.001419,0.135412,0.237712,STAR
197,0.99887,0.998829,0.42885,0.363436,0.998795,0.55882,0.04392,0.558831,0.677362,GALAXY
198,0.998343,0.99835,0.261126,0.242771,0.998569,0.023618,0.001392,0.023614,0.052294,STAR
199,0.999071,0.999076,0.537718,0.437878,0.998935,0.289394,0.078933,0.28939,0.537138,GALAXY
200,0.99867,0.998652,0.378533,0.325576,0.99872,0.183291,0.011887,0.183291,0.404014,GALAXY
201,0.999245,0.99902,0.600436,0.551215,0.999202,0.517222,0.001379,0.517222,0.654424,STAR
202,0.99896,0.998854,0.466271,0.401792,0.998891,0.062051,0.020928,0.062047,0.174222,GALAXY
203,0.998574,0.998521,0.305023,0.26012,0.998566,0.129228,0.006843,0.129224,0.26734,GALAXY
204,0.998586,0.998568,0.341705,0.294245,0.998653,0.129313,0.013462,0.129305,0.26734,GALAXY
205,0.998915,0.998843,0.481649,0.41632,0.998877,0.366169,0.001452,0.366175,0.581786,STAR
206,0.999223,0.99913,0.562042,0.460709,0.999,0.479693,0.079479,0.479684,0.632168,GALAXY
207,0.998778,0.99871,0.385473,0.330959,0.998727,0.143553,0.027557,0.143555,0.301884,GALAXY
208,0.99908,0.999109,0.574203,0.469572,0.999047,0.293787,0.076236,0.293787,0.501365,GALAXY
209,0.998679,0.998637,0.374682,0.328347,0.998739,0.18614,0.001369,0.186141,0.412889,STAR
210,0.999107,0.999099,0.557119,0.45014,0.998991,0.420561,0.086941,0.420568,0.601174,GALAXY
211,0.999236,0.999091,0.566546,0.456416,0.998979,0.32107,0.087627,0.321065,0.5284,GALAXY
212,0.998724,0.998751,0.454491,0.406335,0.998932,0.506646,0.001319,0.506636,0.649372,STAR
213,0.999261,0.999181,0.580711,0.4583,0.998998,0.311616,0.099929,0.31162,0.52799,GALAXY
214,0.998874,0.99894,0.571098,0.517019,0.999174,0.598899,0.00545,0.598893,0.734162,GALAXY
215,0.999035,0.99904,0.533668,0.430469,0.998932,0.557691,0.090952,0.557691,0.690743,GALAXY
216,0.998533,0.998549,0.350473,0.309964,0.998703,0.092417,0.008021,0.092419,0.209721,GALAXY
217,0.999046,0.999058,0.536759,0.445377,0.998973,0.402418,0.067833,0.40241,0.600765,GALAXY
218,0.999301,0.99918,0.60091,0.494347,0.999039,0.645149,0.094109,0.645143,0.797378,GALAXY
219,0.998966,0.999098,0.627069,0.552071,0.999368,0.746033,0.143047,0.74603,0.886537,GALAXY
220,0.999104,0.998984,0.552823,0.486037,0.999048,0.031926,0.001359,0.031919,0.073457,STAR
221,0.999145,0.999163,0.618769,0.494557,0.999083,0.671044,0.001357,0.671037,0.85609,STAR
222,0.999074,0.999067,0.550795,0.44845,0.998962,0.305769,0.087908,0.305757,0.547788,GALAXY
223,0.998887,0.998983,0.524574,0.43785,0.998949,0.467311,0.082574,0.467307,0.611961,GALAXY
224,0.99862,0.998643,0.400864,0.359258,0.998827,0.672834,0.001213,0.672828,0.874522,STAR
225,0.998735,0.998695,0.393948,0.337684,0.99874,0.024357,0.019015,0.024347,0.084244,GALAXY
226,0.998934,0.998973,0.527671,0.443982,0.998981,0.50483,0.075054,0.504926,0.636537,GALAXY
227,0.999287,0.999077,0.565375,0.464309,0.999015,0.335314,0.079674,0.335315,0.614009,GALAXY
228,0.998896,0.998987,0.561524,0.504015,0.999157,0.92687,0.194989,0.926879,0.942927,QSO
229,0.998693,0.998652,0.375023,0.321297,0.998705,0.018653,0.011049,0.018647,0.051884,GALAXY
230,0.999018,0.999112,0.562777,0.460859,0.998993,0.293704,0.108189,0.293706,0.500956,GALAXY
231,0.998833,0.998932,0.550813,0.48789,0.999086,0.87835,0.264218,0.878349,0.932414,QSO
232,0.998935,0.999049,0.600228,0.543592,0.999245,0.811085,0.141193,0.81109,0.903332,QSO
233,0.998758,0.998675,0.373216,0.320077,0.998704,0.060254,0.023352,0.060256,0.150191,GALAXY
234,0.999204,0.999059,0.553858,0.461106,0.999013,0.27792,0.081481,0.277909,0.491671,GALAXY
235,0.999272,0.999028,0.534006,0.436047,0.998944,0.293145,0.07846,0.293136,0.548198,GALAXY
236,0.998679,0.998661,0.383587,0.329023,0.998737,0.184272,0.022376,0.184268,0.406472,QSO
237,0.998703,0.99871,0.41909,0.366775,0.998836,0.01043,0.022453,0.010423,0.041644,GALAXY
238,0.999072,0.999143,0.683,0.545227,0.999292,0.82876,0.163597,0.82876,0.892272,GALAXY
239,0.998985,0.998844,0.437057,0.371961,0.998819,0.322381,0.039835,0.322368,0.525259,GALAXY
240,0.9993,0.998991,0.512168,0.419965,0.998925,0.319433,0.078549,0.319437,0.555844,GALAXY
241,0.998776,0.998726,0.393748,0.335656,0.998737,0.008801,0.026391,0.008794,0.024986,GALAXY
242,0.999119,0.998905,0.452947,0.381322,0.998839,0.310979,0.050238,0.310968,0.52485,GALAXY
243,0.998817,0.998874,0.529613,0.472157,0.999053,0.298837,0.355442,0.298836,0.504369,QSO
244,0.998848,0.998968,0.558262,0.508159,0.999126,0.618268,0.146696,0.618272,0.774713,QSO
245,0.998819,0.998698,0.371117,0.278714,0.998572,0.140866,0.001426,0.140868,0.24959,STAR
246,0.999339,0.999053,0.544553,0.454752,0.999014,0.327994,0.052621,0.327986,0.531404,GALAXY
247,0.998858,0.998937,0.527076,0.48668,0.999106,0.879485,0.002384,0.879489,0.941972,GALAXY
248,0.999006,0.999154,0.627799,0.534153,0.999163,0.831718,0.107989,0.831447,0.891316,GALAXY
249,0.999328,0.999098,0.55831,0.461163,0.999017,0.299413,0.070372,0.299406,0.509011,GALAXY
250,0.999117,0.999103,0.630264,0.518313,0.999198,0.736834,0.122635,0.736829,0.833561,GALAXY
251,0.99871,0.998696,0.404629,0.349192,0.998773,0.020607,0.023186,0.020601,0.092163,GALAXY
252,0.99931,0.998995,0.49451,0.415693,0.998928,0.489121,0.055147,0.48913,0.632851,GALAXY
253,0.999127,0.999032,0.55842,0.481791,0.99908,0.648894,0.001376,0.648889,0.898826,STAR
254,0.998849,0.998882,0.533115,0.475675,0.999055,0.369769,0.327673,0.369758,0.556936,QSO
255,0.99883,0.998963,0.567193,0.50673,0.999163,0.698321,0.201235,0.698314,0.794102,QSO
256,0.999309,0.998893,0.452776,0.380281,0.998838,0.50045,0.056613,0.500448,0.648553,GALAXY
257,0.998678,0.998674,0.42699,0.387767,0.998896,0.187684,0.001423,0.187688,0.334107,STAR
258,0.998629,0.998639,0.391239,0.349034,0.998798,0.248032,0.001348,0.248025,0.458902,STAR
259,0.998648,0.998769,0.478283,0.414794,0.998951,0.60499,0.267173,0.605,0.825642,QSO
260,0.99901,0.999032,0.538915,0.445583,0.998972,0.287195,0.079741,0.287192,0.492354,GALAXY
261,0.998729,0.998753,0.449158,0.397623,0.998897,0.061728,0.004829,0.061721,0.166303,GALAXY
262,0.99863,0.998628,0.38848,0.345481,0.998782,0.018243,0.004518,0.01824,0.043829,GALAXY
263,0.998703,0.998693,0.440852,0.400003,0.998927,0.008641,0.001324,0.008631,0.077144,STAR
264,0.999112,0.999015,0.567508,0.468529,0.999022,0.557699,0.106441,0.557691,0.690743,GALAXY
265,0.998593,0.998508,0.295858,0.255501,0.998558,0.047155,0.014929,0.047146,0.105543,GALAXY
266,0.999187,0.999089,0.572776,0.479504,0.999076,0.654008,0.001351,0.654018,0.789459,STAR
267,0.999267,0.998912,0.475745,0.430302,0.998984,0.467718,0.575699,0.467714,0.612916,QSO
268,0.99911,0.998991,0.502085,0.418515,0.998927,0.365284,0.066843,0.36528,0.552294,GALAXY
269,0.998681,0.998782,0.476131,0.423229,0.998952,0.089569,0.117402,0.089569,0.198662,QSO
270,0.998909,0.998789,0.413407,0.349784,0.998761,0.369834,0.032126,0.36984,0.559394,GALAXY
271,0.998871,0.998869,0.512048,0.437462,0.998972,0.596377,0.069753,0.596368,0.728564,QSO
272,0.999126,0.999176,0.593501,0.488335,0.999048,0.697748,0.065169,0.697744,0.794511,GALAXY
273,0.998948,0.998919,0.452676,0.380862,0.99884,0.489448,0.059935,0.489455,0.636947,GALAXY
274,0.999342,0.998999,0.497778,0.416256,0.998914,0.532451,0.062589,0.532448,0.660022,GALAXY
275,0.998958,0.998876,0.442385,0.374586,0.998824,0.026958,0.050671,0.026952,0.061578,GALAXY
276,0.999288,0.999061,0.538198,0.434939,0.998936,0.5283,0.088716,0.528296,0.656199,GALAXY
277,0.998943,0.998988,0.515663,0.415762,0.998896,0.311457,0.091768,0.311457,0.531131,GALAXY
278,0.998615,0.998624,0.380321,0.333409,0.99875,0.004894,0.016237,0.004886,0.104724,GALAXY
279,0.999315,0.999088,0.565871,0.482072,0.999065,0.663212,0.061475,0.66322,0.85568,GALAXY
280,0.998543,0.998537,0.338402,0.303402,0.998696,0.585045,0.001446,0.58505,0.700573,STAR
281,0.998398,0.998418,0.271313,0.239851,0.998531,0.075078,0.005219,0.075075,0.142272,GALAXY
282,0.998599,0.998635,0.390165,0.373044,0.998761,0.180936,0.004438,0.18093,0.346942,GALAXY
283,0.998407,0.998365,0.233529,0.202073,0.998445,0.143879,0.007081,0.143881,0.255052,GALAXY
284,0.998989,0.999081,0.555763,0.448613,0.998992,0.581788,0.087099,0.581793,0.705625,GALAXY
285,0.999205,0.999016,0.533437,0.445983,0.998979,0.372287,0.063369,0.372282,0.5568,GALAXY
286,0.999146,0.998965,0.483808,0.407306,0.998902,0.471303,0.057138,0.471297,0.611824,GALAXY
287,0.998375,0.998371,0.253603,0.262335,0.998532,0.195511,0.00141,0.195505,0.345986,STAR
288,0.99901,0.999025,0.535023,0.429444,0.99894,0.396461,0.081325,0.396466,0.58083,GALAXY
289,0.99923,0.999107,0.570866,0.45756,0.999006,0.294114,0.088393,0.294113,0.512425,GALAXY
290,0.998667,0.998637,0.376525,0.326085,0.998727,0.031842,0.015422,0.031838,0.07769,GALAXY
291,0.999087,0.999101,0.550497,0.437134,0.998955,0.501838,0.087892,0.501832,0.637084,GALAXY
292,0.998728,0.998671,0.387261,0.336184,0.998746,0.127999,0.009602,0.128003,0.253823,GALAXY
293,0.998988,0.99903,0.530594,0.450942,0.999003,0.476998,0.04348,0.476997,0.628482,GALAXY
294,0.999238,0.999172,0.606494,0.487962,0.999062,0.497768,0.100379,0.497761,0.646095,GALAXY
295,0.998743,0.998734,0.434849,0.384447,0.998876,0.187122,0.001354,0.187118,0.364145,STAR
296,0.998832,0.998799,0.422093,0.358886,0.998792,0.555088,0.045076,0.555085,0.698252,GALAXY
297,0.998975,0.999048,0.53692,0.443092,0.998988,0.471462,0.068138,0.47146,0.612234,GALAXY
298,0.999058,0.999065,0.532424,0.44229,0.998965,0.285318,0.069528,0.285319,0.495085,GALAXY
299,0.999468,0.999005,0.57012,0.48244,0.999001,0.658649,0.13223,0.65866,0.734571,GALAXY
300,0.99875,0.998732,0.41386,0.355803,0.998785,0.053668,0.024598,0.05366,0.10964,GALAXY
301,0.998839,0.99897,0.559371,0.490339,0.9991,0.696692,0.16828,0.696686,0.895549,QSO
302,0.999188,0.999353,0.268414,0.206873,0.999346,0.097385,0.00142,0.097386,0.205352,STAR
303,0.998741,0.998852,0.507236,0.457019,0.999042,0.595955,0.169034,0.595961,0.762152,QSO
304,0.999361,0.999132,0.59656,0.491726,0.999042,0.697499,0.109587,0.6975,0.796969,GALAXY
305,0.999221,0.999035,0.528906,0.436714,0.99895,0.503062,0.077052,0.503053,0.645958,GALAXY
306,0.998976,0.999292,0.612706,0.49024,0.999053,0.846182,0.107674,0.846674,0.9361,GALAXY
307,0.999223,0.999166,0.566401,0.461831,0.999004,0.480329,0.072315,0.480335,0.628072,GALAXY
308,0.999193,0.999177,0.59118,0.479996,0.999033,0.602309,0.087663,0.602313,0.780994,GALAXY
309,0.99886,0.998935,0.558387,0.496118,0.999098,0.699622,0.321128,0.699617,0.797652,QSO
310,0.998454,0.998336,0.211933,0.179975,0.998384,0.605251,0.009513,0.605244,0.814582,GALAXY
311,0.999075,0.999131,0.61017,0.524411,0.999154,0.72762,0.087864,0.727628,0.833561,GALAXY
312,0.999451,0.99911,0.558549,0.45525,0.998976,0.50892,0.087738,0.508916,0.677635,GALAXY
313,0.998755,0.998861,0.51665,0.460811,0.999025,0.740659,0.295496,0.740656,0.845576,QSO
314,0.998652,0.998801,0.476151,0.428426,0.998986,0.532039,0.183927,0.532041,0.654151,QSO
315,0.999145,0.99898,0.49124,0.410596,0.998891,0.482781,0.062296,0.482778,0.629711,GALAXY
316,0.99902,0.998948,0.509648,0.424829,0.998942,0.546289,0.072818,0.546291,0.697979,GALAXY
317,0.99873,0.998654,0.364716,0.313336,0.998685,0.073448,0.020597,0.073447,0.153332,GALAXY
318,0.998629,0.998597,0.341497,0.292627,0.998649,0.110013,0.025375,0.110007,0.205352,QSO
319,0.998777,0.998702,0.38512,0.330172,0.998721,0.118071,0.022199,0.118069,0.302977,GALAXY
320,0.999094,0.999043,0.536601,0.446194,0.998985,0.490677,0.067296,0.490677,0.676952,GALAXY
321,0.998934,0.999003,0.570502,0.512473,0.999297,0.597107,0.00747,0.597101,0.730066,GALAXY
322,0.998842,0.998828,0.469792,0.411357,0.998934,0.192407,0.001392,0.192411,0.338476,STAR
323,0.998893,0.99876,0.399541,0.322077,0.99869,0.134768,0.001425,0.134761,0.233342,STAR
324,0.998868,0.998922,0.554026,0.487395,0.999109,0.524798,0.247956,0.524794,0.652649,QSO
325,0.998894,0.998888,0.522548,0.464444,0.999041,0.29917,0.001284,0.299161,0.507783,STAR
326,0.998722,0.998818,0.492931,0.435371,0.998994,0.700027,0.265981,0.700024,0.835063,QSO
327,0.998709,0.998642,0.369066,0.319651,0.998705,0.125562,0.012858,0.12556,0.350628,GALAXY
328,0.999372,0.999054,0.536094,0.427239,0.998933,0.470488,0.097957,0.470483,0.611961,GALAXY
329,0.999214,0.999147,0.595025,0.489872,0.999055,0.697006,0.083059,0.697012,0.797925,GALAXY
330,0.999185,0.998997,0.522411,0.435251,0.99896,0.341745,0.072985,0.341747,0.581649,GALAXY
331,0.999273,0.998971,0.498298,0.426929,0.998925,0.506554,0.06001,0.506555,0.649099,GALAXY
332,0.999182,0.999014,0.581336,0.515535,0.999226,0.412918,0.001428,0.412914,0.597897,STAR
333,0.998779,0.998701,0.400295,0.347632,0.998774,0.193711,0.008612,0.193714,0.391726,GALAXY
334,0.998392,0.998421,0.290051,0.26436,0.998612,0.213992,0.001302,0.213989,0.400191,STAR
335,0.998966,0.998995,0.518827,0.43049,0.998947,0.481634,0.081805,0.481638,0.632305,GALAXY
336,0.998396,0.998391,0.26441,0.238856,0.99855,0.195749,0.001405,0.19575,0.342299,STAR
337,0.998801,0.998719,0.397561,0.341706,0.998751,0.131183,0.017108,0.131178,0.389951,GALAXY
338,0.999384,0.999113,0.581979,0.484983,0.99903,0.590337,0.07415,0.590343,0.706445,GALAXY
339,0.99877,0.99868,0.377197,0.324263,0.998706,0.018082,0.019608,0.018077,0.04178,GALAXY
340,0.999066,0.99894,0.497969,0.427475,0.998942,0.366743,0.00155,0.366745,0.589842,STAR
341,0.99879,0.998823,0.4892,0.438714,0.999,0.211552,0.001536,0.211546,0.39036,STAR
342,0.998983,0.999015,0.602161,0.532197,0.999159,0.411534,0.311302,0.41153,0.599536,QSO
343,0.999194,0.9989,0.497696,0.432468,0.998975,0.218631,0.001438,0.21863,0.407428,STAR
344,0.998781,0.998644,0.361812,0.306509,0.998657,0.355924,0.014345,0.355916,0.547242,GALAXY
345,0.998692,0.998686,0.384703,0.331029,0.998733,0.093483,0.02867,0.093478,0.208493,GALAXY
346,0.998928,0.998981,0.545947,0.454696,0.999064,0.337107,0.086977,0.337106,0.580284,GALAXY
347,0.998878,0.998951,0.570606,0.515194,0.999176,0.653771,0.326661,0.653774,0.790961,QSO
348,0.999022,0.99916,0.638272,0.524294,0.999121,0.707515,0.113295,0.707516,0.797788,GALAXY
349,0.998665,0.998771,0.468778,0.407376,0.998921,0.017434,0.255741,0.017425,0.052021,QSO
350,0.999007,0.999003,0.540846,0.453334,0.999003,0.480337,0.07831,0.480335,0.628072,QSO
351,0.999019,0.998736,0.404478,0.347121,0.998771,0.134759,0.001449,0.134761,0.233342,STAR
352,0.99899,0.99907,0.627173,0.550243,0.99929,0.619328,0.247729,0.619331,0.774304,QSO
353,0.999055,0.999175,0.58134,0.47098,0.999036,0.332955,0.082071,0.332953,0.535909,GALAXY
354,0.999164,0.999082,0.562059,0.457127,0.999026,0.302498,0.0991,0.3025,0.545467,GALAXY
355,0.999116,0.999008,0.581977,0.527199,0.999165,0.690423,0.397087,0.690416,0.789596,QSO
356,0.998742,0.998643,0.370086,0.324846,0.998732,0.242818,0.001432,0.242814,0.44675,STAR
357,0.99836,0.998297,0.190302,0.159201,0.998335,0.057902,0.005549,0.057894,0.109503,GALAXY
358,0.99881,0.99868,0.368568,0.313932,0.998696,0.177996,0.001447,0.177999,0.350901,STAR
359,0.998929,0.999078,0.552325,0.458696,0.999014,0.279224,0.09543,0.279212,0.492081,GALAXY
360,0.998874,0.998978,0.577412,0.49883,0.999115,0.882342,0.070074,0.883397,0.942927,QSO
361,0.998484,0.998517,0.332685,0.290218,0.998656,0.060256,0.010868,0.060256,0.150191,GALAXY
362,0.998929,0.999094,0.589517,0.533508,0.999102,0.73935,0.101915,0.739353,0.879437,GALAXY
363,0.998783,0.998717,0.392261,0.33696,0.998743,0.171329,0.024674,0.171322,0.294375,GALAXY
364,0.999285,0.998992,0.508311,0.422547,0.998935,0.501098,0.060683,0.501099,0.64118,GALAXY
365,0.999332,0.999081,0.548803,0.457139,0.999007,0.33662,0.066224,0.336618,0.532632,GALAXY
366,0.998653,0.998593,0.338199,0.286885,0.998622,0.482381,0.010423,0.482371,0.628345,GALAXY
367,0.99907,0.999071,0.543112,0.443211,0.998958,0.499885,0.075566,0.499878,0.646368,GALAXY
368,0.999162,0.999116,0.587567,0.508011,0.999115,0.073041,0.040021,0.07304,0.144866,GALAXY
369,0.998781,0.99876,0.444043,0.393572,0.998894,0.156987,0.001471,0.15699,0.31349,STAR
370,0.998907,0.998972,0.485166,0.410035,0.998901,0.483514,0.045282,0.483511,0.629711,GALAXY
371,0.99928,0.999134,0.636783,0.529701,0.999237,0.756534,0.113136,0.756534,0.886128,GALAXY
372,0.998414,0.998413,0.280577,0.25568,0.99859,0.172062,0.001412,0.172054,0.294102,STAR
373,0.998794,0.998893,0.528962,0.46926,0.999055,0.899764,0.304638,0.899764,0.926816,QSO
374,0.999108,0.99901,0.576168,0.515709,0.999203,0.337278,0.001184,0.337269,0.58438,STAR
375,0.998613,0.998719,0.446603,0.392435,0.998878,0.401756,0.296434,0.401759,0.612097,QSO
376,0.999119,0.999111,0.565338,0.464742,0.999002,0.347539,0.076108,0.347529,0.580967,GALAXY
377,0.999031,0.998989,0.518467,0.426405,0.99893,0.583105,0.001359,0.583096,0.702212,STAR
378,0.998894,0.998926,0.502482,0.418719,0.998938,0.374555,0.08236,0.374562,0.585336,GALAXY
379,0.999139,0.999152,0.578545,0.462637,0.999015,0.319773,0.086668,0.319762,0.528127,GALAXY
380,0.99893,0.998982,0.572997,0.500108,0.999107,0.572989,0.085413,0.572999,0.737985,QSO
381,0.998861,0.998946,0.51187,0.420456,0.998907,0.358036,0.08449,0.358033,0.585063,GALAXY
382,0.998865,0.998903,0.542625,0.477064,0.999063,0.28573,0.370614,0.285726,0.491398,QSO
383,0.998998,0.998967,0.568916,0.503952,0.999127,0.562094,0.422424,0.562088,0.685418,QSO
384,0.999088,0.99911,0.569096,0.465225,0.999022,0.52667,0.082524,0.526667,0.652376,GALAXY
385,0.998866,0.998735,0.385972,0.30331,0.998638,0.070525,0.001401,0.070515,0.176816,STAR
386,0.998952,0.999009,0.546266,0.452641,0.998991,0.320343,0.092363,0.320332,0.531267,GALAXY
387,0.998608,0.998628,0.384751,0.34379,0.998785,0.022802,0.001437,0.022799,0.081513,STAR
388,0.999139,0.999231,0.618181,0.490422,0.999069,0.330276,0.096463,0.330266,0.531813,GALAXY
389,0.998555,0.998562,0.344764,0.305709,0.998697,0.575204,0.001331,0.575197,0.693064,STAR
390,0.998739,0.998815,0.488553,0.439412,0.998983,0.28809,0.121871,0.288087,0.49959,QSO
391,0.998917,0.998907,0.534506,0.467398,0.999062,0.287106,0.001402,0.28711,0.492081,STAR
392,0.998605,0.99858,0.347363,0.301376,0.998672,0.081514,0.014488,0.081508,0.180776,GALAXY
393,0.998987,0.998923,0.467111,0.394171,0.998861,0.489872,0.049092,0.489862,0.677772,GALAXY
394,0.99897,0.99906,0.535431,0.431261,0.998945,0.410879,0.078861,0.410879,0.599809,GALAXY
395,0.999023,0.999057,0.555499,0.448754,0.998975,0.289801,0.100559,0.289797,0.535909,GALAXY
396,0.999052,0.999068,0.535157,0.446088,0.998972,0.54678,0.068078,0.54678,0.660158,GALAXY
397,0.999041,0.999073,0.544901,0.443896,0.998959,0.383758,0.082018,0.383764,0.605816,GALAXY
398,0.998927,0.998912,0.463247,0.392253,0.998855,0.356728,0.060545,0.35673,0.547925,GALAXY
399,0.998808,0.998771,0.408753,0.347758,0.998761,0.319848,0.034434,0.319844,0.524577,GALAXY
400,0.998722,0.9987,0.406027,0.352862,0.998787,0.118317,0.015829,0.118313,0.309667,GALAXY
401,0.999153,0.999019,0.510706,0.408502,0.998892,0.36902,0.087047,0.369025,0.554888,GALAXY
402,0.998661,0.998792,0.489331,0.420722,0.998975,0.830633,0.264652,0.830633,0.891589,QSO
403,0.999154,0.99913,0.573356,0.461952,0.999022,0.306816,0.08668,0.306815,0.549836,GALAXY
404,0.999152,0.998993,0.524461,0.419839,0.998928,0.531885,0.088737,0.531879,0.665893,GALAXY
405,0.998776,0.998641,0.350067,0.295893,0.998647,0.101048,0.001434,0.10105,0.294238,STAR
406,0.999093,0.999087,0.549573,0.451553,0.998997,0.32987,0.078197,0.329859,0.528673,GALAXY
407,0.998809,0.998736,0.395497,0.337953,0.998743,0.202342,0.030821,0.202345,0.359776,GALAXY
408,0.999296,0.999113,0.565859,0.457649,0.999004,0.36226,0.082607,0.362267,0.552294,GALAXY
409,0.998449,0.998438,0.276519,0.241081,0.998532,0.205683,0.008438,0.205684,0.402512,GALAXY
410,0.999164,0.999139,0.64822,0.593166,0.99938,0.575679,0.195896,0.575686,0.689241,QSO
411,0.999086,0.999092,0.558367,0.460455,0.99899,0.47204,0.085472,0.47203,0.613053,GALAXY
412,0.998883,0.998982,0.544415,0.443945,0.998984,0.2857,0.10121,0.285482,0.500956,GALAXY
413,0.999303,0.999022,0.505411,0.415289,0.998905,0.506479,0.070539,0.506473,0.644457,GALAXY
414,0.999343,0.999054,0.53705,0.446347,0.998987,0.552472,0.073833,0.552479,0.678045,GALAXY
415,0.998991,0.998932,0.495446,0.413059,0.9989,0.424806,0.069871,0.424803,0.601993,QSO
416,0.998678,0.998766,0.469079,0.414434,0.998959,0.151867,0.218436,0.151861,0.301884,QSO
417,0.998886,0.998985,0.509075,0.415877,0.998905,0.480994,0.071967,0.480987,0.632168,GALAXY
418,0.998993,0.999022,0.56845,0.495233,0.999048,0.830865,0.062749,0.830877,0.890497,GALAXY
419,0.998726,0.998687,0.385128,0.332631,0.998732,0.143718,0.024566,0.143718,0.305844,GALAXY
420,0.998501,0.998525,0.33916,0.305718,0.998704,0.113024,0.001392,0.11302,0.258056,STAR
421,0.999188,0.998862,0.758488,0.412206,0.999346,0.866207,0.818221,0.866216,0.927635,QSO
422,0.99893,0.998803,0.424477,0.346754,0.998748,0.198187,0.001436,0.198192,0.383534,STAR
423,0.999311,0.999086,0.572669,0.469232,0.999023,0.308367,0.09989,0.308363,0.543829,GALAXY
424,0.998611,0.998556,0.334141,0.295506,0.99867,0.173523,0.00143,0.17352,0.294238,STAR
425,0.999082,0.998881,0.446575,0.374327,0.998822,0.479528,0.047974,0.479521,0.633124,GALAXY
426,0.998991,0.999117,0.554072,0.452022,0.998982,0.327822,0.081905,0.327823,0.535773,GALAXY
427,0.998405,0.998411,0.278418,0.251647,0.99858,0.145192,0.001405,0.145184,0.237848,STAR
428,0.999036,0.999036,0.53719,0.44688,0.998997,0.30837,0.071157,0.308363,0.543829,GALAXY
429,0.998881,0.998959,0.559672,0.492858,0.999109,0.602713,0.203413,0.60272,0.815265,QSO
430,0.998979,0.998861,0.461404,0.395633,0.998875,0.693925,0.03338,0.693917,0.785363,GALAXY
431,0.998982,0.999074,0.609812,0.542681,0.999237,0.670617,0.092761,0.670629,0.806117,GALAXY
432,0.998997,0.998654,0.362245,0.309698,0.998682,0.477088,0.015705,0.477078,0.636947,GALAXY
433,0.998987,0.998964,0.492601,0.396241,0.998869,0.45665,0.083204,0.45664,0.604997,GALAXY
434,0.999296,0.999127,0.567879,0.464801,0.999012,0.455263,0.074513,0.455256,0.612234,GALAXY
435,0.999351,0.998777,0.40506,0.342769,0.998753,0.064491,0.041015,0.06449,0.124522,GALAXY
436,0.999053,0.999026,0.54813,0.461032,0.99905,0.340682,0.075394,0.340689,0.536865,GALAXY
437,0.998623,0.998652,0.403412,0.361707,0.998838,0.252503,0.001379,0.252504,0.462862,STAR
438,0.999156,0.999092,0.540943,0.477336,0.999092,0.286782,0.607345,0.286784,0.496723,QSO
439,0.998185,0.998152,0.13699,0.135906,0.998299,0.171891,0.001397,0.171892,0.325369,STAR
440,0.999155,0.999037,0.523838,0.435158,0.998965,0.307315,0.062312,0.307304,0.54574,GALAXY
441,0.999279,0.999208,0.599803,0.479224,0.999016,0.498329,0.001418,0.498331,0.644047,STAR
442,0.998887,0.998973,0.573534,0.518422,0.99914,0.491322,0.001405,0.491328,0.660978,STAR
443,0.998978,0.998985,0.575891,0.533109,0.999194,0.374406,0.395406,0.374399,0.55598,QSO
444,0.999141,0.99912,0.562259,0.453556,0.998994,0.354612,0.090141,0.354613,0.551748,GALAXY
445,0.99929,0.99908,0.552504,0.452025,0.998984,0.517133,0.077084,0.51714,0.649508,GALAXY
446,0.998986,0.9989,0.462001,0.388787,0.998855,0.306167,0.047833,0.306164,0.50751,GALAXY
447,0.999216,0.999212,0.569867,0.453513,0.998975,0.319281,0.095625,0.319274,0.557755,GALAXY
448,0.998561,0.998542,0.333246,0.28732,0.998638,0.060824,0.014653,0.060826,0.150055,GALAXY
449,0.998828,0.998732,0.400892,0.343806,0.998756,0.110495,0.025568,0.110496,0.202212,GALAXY
450,0.998809,0.998818,0.489425,0.436544,0.999004,0.367478,0.001406,0.367478,0.552703,STAR
451,0.998605,0.99859,0.358591,0.316073,0.998712,0.186466,0.001416,0.186467,0.326597,STAR
452,0.999023,0.998995,0.500601,0.424975,0.998935,0.616801,0.054326,0.616806,0.730748,GALAXY
453,0.998759,0.998864,0.525192,0.473835,0.999057,0.08664,0.293846,0.086638,0.165756,QSO
454,0.998686,0.998611,0.348764,0.300827,0.998658,0.112457,0.014846,0.11245,0.262561,GALAXY
455,0.999148,0.99925,0.586375,0.468446,0.999006,0.599455,0.08959,0.599463,0.733206,GALAXY
456,0.998796,0.998849,0.504579,0.444846,0.998999,0.481548,0.123231,0.481557,0.64077,QSO
457,0.99888,0.998777,0.410958,0.349603,0.998768,0.372127,0.033534,0.37212,0.557209,GALAXY
458,0.999232,0.999022,0.52753,0.440561,0.998997,0.286542,0.064717,0.28654,0.50041,GALAXY
459,0.998656,0.998658,0.399311,0.347718,0.998793,0.092263,0.015569,0.092256,0.213545,GALAXY
460,0.999236,0.999121,0.549603,0.443381,0.998957,0.366414,0.098542,0.36642,0.555571,GALAXY
461,0.999076,0.998931,0.469471,0.397786,0.998867,0.365766,0.050684,0.365768,0.556253,GALAXY
462,0.999253,0.999137,0.647255,0.540607,0.999204,0.738041,0.184353,0.738051,0.837657,QSO
463,0.999315,0.999002,0.499783,0.401015,0.998883,0.438889,0.077242,0.438889,0.59148,GALAXY
464,0.999075,0.998959,0.57259,0.51892,0.999181,0.284993,0.001516,0.284993,0.492217,STAR
465,0.998599,0.998627,0.391321,0.352234,0.998809,0.665167,0.001237,0.665174,0.802703,STAR
466,0.998817,0.998705,0.382366,0.326819,0.998722,0.009291,0.023448,0.009283,0.025123,GALAXY
467,0.998817,0.998962,0.580353,0.511324,0.999182,0.602957,0.255593,0.602964,0.785363,QSO
468,0.998824,0.998834,0.488691,0.432917,0.998989,0.186873,0.001333,0.186874,0.40811,STAR
469,0.999277,0.999218,0.601353,0.492674,0.999053,0.670545,0.076172,0.670548,0.807073,GALAXY
470,0.998782,0.998697,0.39409,0.339898,0.998743,0.180274,0.014224,0.180278,0.306253,GALAXY
471,0.998858,0.998915,0.54984,0.486113,0.99909,0.517394,0.104175,0.517385,0.649918,QSO
472,0.998716,0.998824,0.495068,0.4451,0.999048,0.522344,0.170525,0.522352,0.656881,QSO
473,0.999197,0.999131,0.646311,0.558584,0.99921,0.73047,0.160753,0.729338,0.86278,GALAXY
474,0.999258,0.999147,0.599818,0.486539,0.999072,0.468288,0.095997,0.468284,0.609913,GALAXY
475,0.998839,0.998933,0.562315,0.487919,0.99912,0.58115,0.261055,0.581142,0.745904,QSO
476,0.998777,0.998705,0.384642,0.329635,0.998726,0.014498,0.025767,0.014494,0.037548,GALAXY
477,0.99872,0.998708,0.402431,0.343443,0.998757,0.079473,0.021303,0.079472,0.176543,GALAXY
478,0.99868,0.998663,0.391429,0.344142,0.998776,0.128903,0.00637,0.128898,0.305571,GALAXY
479,0.99906,0.999053,0.563693,0.490754,0.99909,0.581945,0.001387,0.581956,0.70467,STAR
480,0.998811,0.998864,0.514987,0.462744,0.999065,0.386948,0.173581,0.386613,0.561032,QSO
481,0.999167,0.999115,0.562138,0.448169,0.998965,0.559235,0.090825,0.559238,0.676952,GALAXY
482,0.999154,0.998998,0.500021,0.422289,0.99893,0.527804,0.051833,0.527807,0.650328,GALAXY
483,0.998974,0.998942,0.557181,0.498857,0.999176,0.551251,0.182247,0.551258,0.677362,QSO
484,0.998944,0.999192,0.593176,0.487969,0.999028,0.572921,0.146761,0.572918,0.737848,QSO
485,0.999022,0.99894,0.543585,0.483328,0.999108,0.340373,0.001541,0.340363,0.543555,STAR
486,0.998284,0.998291,0.223411,0.20736,0.998482,0.185977,0.001382,0.185978,0.354724,STAR
487,0.999002,0.998993,0.575045,0.488089,0.999081,0.105698,0.931023,0.105692,0.188831,QSO
488,0.999156,0.999053,0.595641,0.532114,0.999199,0.361534,0.401347,0.361534,0.559394,QSO
489,0.998965,0.998954,0.534141,0.469862,0.999035,0.173607,0.001371,0.173601,0.294921,STAR
490,0.998708,0.998739,0.449013,0.402168,0.998915,0.470564,0.001348,0.470564,0.609503,STAR
491,0.999241,0.999043,0.602617,0.538724,0.999255,0.464213,0.45924,0.464213,0.608274,QSO
492,0.998919,0.998948,0.546258,0.484057,0.999068,0.397683,0.109539,0.397687,0.644593,QSO
493,0.999331,0.999047,0.528873,0.440317,0.998974,0.285319,0.069045,0.285319,0.495085,GALAXY
494,0.998792,0.998682,0.372959,0.317434,0.998691,0.389619,0.020381,0.389626,0.628891,GALAXY
495,0.998812,0.998815,0.474948,0.421108,0.998962,0.242409,0.00146,0.242407,0.450847,STAR
496,0.999091,0.998987,0.51683,0.409744,0.998872,0.081347,0.001424,0.081345,0.149782,STAR
497,0.998557,0.998575,0.363999,0.327026,0.998752,0.571127,0.001455,0.571126,0.696477,STAR
498,0.998517,0.998538,0.34465,0.311428,0.998715,0.087132,0.001365,0.087126,0.157155,STAR
499,0.998981,0.999108,0.570891,0.463403,0.999004,0.285001,0.088952,0.284993,0.492217,GALAXY
500,0.998926,0.998986,0.582739,0.528539,0.999164,0.47121,0.313811,0.471216,0.612097,QSO
501,0.998904,0.998962,0.533172,0.447845,0.998989,0.341501,0.085295,0.341503,0.535909,GALAXY
502,0.998969,0.999038,0.60249,0.535869,0.999189,0.881033,0.303096,0.881036,0.927499,QSO
503,0.998609,0.9986,0.369167,0.321648,0.998727,0.163752,0.012735,0.163749,0.286319,GALAXY
504,0.999112,0.998945,0.474539,0.401047,0.998886,0.203972,0.058405,0.203974,0.398553,GALAXY
505,0.999325,0.999043,0.527303,0.430592,0.998957,0.562094,0.07886,0.562088,0.685418,GALAXY
506,0.999104,0.998966,0.554009,0.490919,0.999134,0.363085,0.001326,0.363081,0.560213,STAR
507,0.998894,0.998798,0.434198,0.369108,0.998813,0.187197,0.001406,0.1872,0.371518,STAR
508,0.999146,0.999068,0.547673,0.451148,0.998975,0.356985,0.081968,0.356974,0.551611,GALAXY
509,0.999326,0.99916,0.590771,0.480675,0.999028,0.877598,0.087685,0.877616,0.942108,GALAXY
510,0.998944,0.998864,0.477526,0.413214,0.998928,0.147055,0.001438,0.147056,0.248771,STAR
511,0.998713,0.998742,0.446541,0.393093,0.998899,0.066372,0.014759,0.066363,0.126024,GALAXY
512,0.998886,0.998802,0.431141,0.368288,0.998813,0.005138,0.026445,0.00513,0.061169,GALAXY
513,0.998615,0.998624,0.385887,0.339717,0.998767,0.07288,0.010349,0.072877,0.149508,GALAXY
514,0.998972,0.999033,0.546198,0.450752,0.998971,0.557283,0.081371,0.557284,0.701529,GALAXY
515,0.998715,0.998717,0.429097,0.381108,0.998866,0.249172,0.001404,0.249165,0.455352,STAR
516,0.99869,0.998723,0.425703,0.370294,0.998849,0.171481,0.022787,0.171484,0.294921,GALAXY
517,0.998693,0.998784,0.477208,0.418904,0.998963,0.082331,0.225636,0.082322,0.157974,QSO
518,0.998954,0.998993,0.52105,0.445071,0.998974,0.04422,0.061848,0.044215,0.141862,GALAXY
519,0.999094,0.999011,0.595667,0.53331,0.999212,0.556305,0.097357,0.556306,0.689924,GALAXY
520,0.998824,0.998742,0.398901,0.340032,0.998745,0.202507,0.028369,0.202508,0.358547,GALAXY
521,0.998651,0.998595,0.341236,0.293425,0.998645,0.073859,0.016022,0.073854,0.161387,GALAXY
522,0.998994,0.999066,0.61482,0.535759,0.999201,0.724619,0.257496,0.724615,0.879301,QSO
523,0.999071,0.999076,0.537718,0.437878,0.998935,0.289394,0.078933,0.28939,0.537138,GALAXY
524,0.999081,0.99906,0.545458,0.452902,0.999028,0.288815,0.075408,0.28882,0.535773,GALAXY
525,0.999102,0.999047,0.546757,0.47078,0.999079,0.092418,0.085187,0.092419,0.209721,GALAXY
526,0.999091,0.99895,0.481731,0.399792,0.998871,0.40877,0.065428,0.408762,0.630393,GALAXY
527,0.999291,0.999134,0.572083,0.467359,0.999028,0.416326,0.084434,0.416334,0.597761,GALAXY
528,0.998682,0.998757,0.478004,0.439091,0.999026,0.045118,0.001402,0.04511,0.113326,STAR
529,0.998918,0.998986,0.583771,0.521244,0.999178,0.301686,0.001411,0.301686,0.5071,STAR
530,0.999082,0.999147,0.618387,0.492772,0.999043,0.852532,0.133834,0.852536,0.910158,GALAXY
531,0.999011,0.999145,0.593018,0.471108,0.999016,0.304704,0.110907,0.304698,0.511742,GALAXY
532,0.998807,0.998731,0.406116,0.350101,0.998769,0.10007,0.01819,0.100073,0.182414,GALAXY
533,0.998972,0.999066,0.618112,0.556003,0.999192,0.276044,0.197355,0.276036,0.49604,QSO
534,0.99892,0.999037,0.597294,0.538307,0.999217,0.854231,0.155735,0.854246,0.903195,QSO
535,0.998936,0.99882,0.426673,0.358019,0.998774,0.311876,0.034616,0.311864,0.53154,GALAXY
536,0.99908,0.998825,0.422482,0.357056,0.998783,0.030044,0.040961,0.030046,0.073321,GALAXY
537,0.999004,0.998993,0.56372,0.498863,0.999122,0.690584,0.001346,0.690579,0.790961,STAR
538,0.998929,0.998966,0.568012,0.511393,0.999124,0.416903,0.001533,0.416904,0.600765,STAR
539,0.998786,0.998707,0.391446,0.335093,0.998732,0.011969,0.020337,0.01197,0.029082,GALAXY
540,0.998706,0.998782,0.46301,0.409144,0.998939,0.231902,0.167857,0.231903,0.432141,QSO
541,0.998767,0.998861,0.511937,0.455465,0.999039,0.896575,0.203186,0.896588,0.934189,QSO
542,0.999076,0.999058,0.608877,0.549327,0.99938,0.812546,0.001461,0.812556,0.89473,STAR
543,0.998588,0.998509,0.30154,0.259271,0.998569,0.087624,0.009753,0.087615,0.161797,GALAXY
544,0.999062,0.999225,0.632832,0.584023,0.999318,0.69416,0.187627,0.694162,0.787138,QSO
545,0.999169,0.999024,0.522643,0.428539,0.998938,0.288178,0.074856,0.288169,0.499863,GALAXY
546,0.998658,0.998758,0.487228,0.452179,0.999063,0.396871,0.001421,0.396873,0.57728,STAR
547,0.998574,0.998523,0.310453,0.266155,0.998584,0.143307,0.013118,0.143311,0.287138,GALAXY
548,0.998944,0.999025,0.589577,0.533083,0.999154,0.596777,0.295246,0.596776,0.730339,QSO
549,0.99913,0.998984,0.497156,0.414244,0.998904,0.468931,0.059636,0.468936,0.613053,GALAXY
550,0.999083,0.999025,0.527238,0.440313,0.998974,0.383357,0.068515,0.383356,0.604861,GALAXY
551,0.998989,0.999055,0.543361,0.448319,0.998971,0.385882,0.073957,0.385881,0.565674,GALAXY
552,0.998597,0.998604,0.376402,0.33232,0.998752,0.060988,0.010043,0.060989,0.153741,GALAXY
553,0.998995,0.998999,0.574002,0.497633,0.999106,0.275551,0.284003,0.275548,0.49645,QSO
554,0.998648,0.998648,0.397013,0.35059,0.998796,0.141927,0.010078,0.141927,0.31349,GALAXY
555,0.998467,0.998458,0.293885,0.258004,0.998574,0.073854,0.00741,0.073854,0.161387,GALAXY
556,0.999078,0.999122,0.594458,0.506239,0.999117,0.867025,0.001411,0.86703,0.907837,STAR
557,0.999176,0.999072,0.554572,0.459811,0.998998,0.285969,0.082991,0.28597,0.492217,GALAXY
558,0.998914,0.998992,0.582809,0.507751,0.999172,0.571698,0.105405,0.571696,0.741944,QSO
559,0.998598,0.998558,0.341122,0.303245,0.99869,0.206905,0.001419,0.206905,0.385718,STAR
560,0.998677,0.998633,0.374888,0.333174,0.998749,0.215702,0.001432,0.215699,0.394457,STAR
561,0.998909,0.999043,0.606389,0.522889,0.99915,0.599534,0.123782,0.599544,0.734571,GALAXY
562,0.999289,0.999282,0.599345,0.487151,0.999048,0.690898,0.128765,0.690905,0.829738,GALAXY
563,0.998719,0.99872,0.430656,0.383326,0.998876,0.260564,0.001309,0.260565,0.462862,STAR
564,0.998674,0.998697,0.425777,0.381313,0.998875,0.033872,0.001326,0.033873,0.125205,STAR
565,0.999007,0.998976,0.495808,0.403971,0.998881,0.384823,0.07987,0.384822,0.561851,GALAXY
566,0.99901,0.999224,0.626658,0.512298,0.999058,0.900169,0.083406,0.900171,0.930776,QSO
567,0.999214,0.999186,0.626142,0.481264,0.999116,0.278158,0.001397,0.278153,0.49645,STAR
568,0.999042,0.998941,0.552611,0.491074,0.999111,0.507942,0.00133,0.507939,0.673403,STAR
569,0.999052,0.999137,0.62871,0.514946,0.999043,0.645069,0.150371,0.645061,0.783725,GALAXY
570,0.999139,0.999028,0.592488,0.53707,0.999219,0.289304,0.092414,0.289309,0.536865,GALAXY
571,0.998781,0.998697,0.399412,0.345868,0.99877,0.203974,0.00907,0.203974,0.398553,GALAXY
572,0.998729,0.998744,0.466444,0.424588,0.998981,0.205929,0.001377,0.205928,0.403468,STAR
573,0.999017,0.998826,0.422984,0.359747,0.998789,0.128406,0.047139,0.12841,0.301475,GALAXY
574,0.998603,0.998628,0.391614,0.351638,0.998807,0.014983,0.001334,0.014982,0.040961,STAR
575,0.998831,0.998931,0.555303,0.496403,0.999157,0.617136,0.308281,0.617132,0.733479,QSO
576,0.999126,0.999128,0.631978,0.55651,0.999208,0.575517,0.001433,0.575523,0.689241,STAR
577,0.999044,0.999198,0.603521,0.420946,0.998821,0.851396,0.001399,0.851396,0.911114,STAR
578,0.998589,0.998622,0.387395,0.347394,0.998795,0.905203,0.001418,0.905219,0.938968,STAR
579,0.999084,0.999024,0.528962,0.436085,0.998952,0.522687,0.073098,0.522677,0.655926,GALAXY
580,0.999261,0.999011,0.510809,0.420657,0.998917,0.560287,0.063385,0.560296,0.678045,GALAXY
581,0.998729,0.998837,0.514913,0.454479,0.999054,0.670057,0.262843,0.670059,0.801884,QSO
582,0.99895,0.998962,0.557423,0.49455,0.99912,0.550928,0.001327,0.550932,0.663981,STAR
583,0.998488,0.998487,0.315102,0.281512,0.99865,0.090878,0.003356,0.090872,0.205762,GALAXY
584,0.999013,0.998826,0.432366,0.352677,0.99876,0.065221,0.00144,0.065223,0.13763,STAR
585,0.998932,0.998897,0.451004,0.376407,0.998825,0.551503,0.057057,0.551502,0.677772,GALAXY
586,0.999149,0.99919,0.62124,0.4893,0.999021,0.671856,0.001377,0.671851,0.858957,STAR
587,0.999048,0.999074,0.616323,0.553995,0.999209,0.55892,0.279513,0.558912,0.677226,QSO
588,0.99836,0.99837,0.255507,0.231621,0.998531,0.207563,0.001382,0.207556,0.383124,STAR
589,0.99885,0.998937,0.550304,0.492763,0.999111,0.572095,0.36102,0.572103,0.696477,QSO
590,0.998772,0.998677,0.377689,0.325317,0.998712,0.051217,0.020072,0.051217,0.132851,GALAXY
591,0.998728,0.998649,0.370487,0.319934,0.998706,0.125158,0.0125,0.125153,0.347351,GALAXY
592,0.998904,0.999015,0.543811,0.453033,0.999035,0.482377,0.091539,0.482371,0.628345,GALAXY
593,0.999042,0.999064,0.533626,0.437855,0.998968,0.289889,0.065776,0.289879,0.540005,GALAXY
594,0.999044,0.99901,0.501937,0.414326,0.998911,0.449389,0.069141,0.449393,0.636401,GALAXY
595,0.999011,0.999161,0.620472,0.489186,0.999044,0.664675,0.120195,0.664685,0.858138,GALAXY
596,0.999282,0.999112,0.583666,0.474871,0.999027,0.388334,0.095849,0.388323,0.576324,GALAXY
597,0.998994,0.999108,0.614896,0.514393,0.99915,0.759398,0.093739,0.756453,0.846122,QSO
598,0.998532,0.998549,0.348982,0.314666,0.998721,0.899424,0.001317,0.899438,0.931868,STAR
599,0.998917,0.998997,0.524412,0.42232,0.998928,0.52602,0.080785,0.526016,0.653468,GALAXY
600,0.99856,0.998496,0.297848,0.258136,0.998567,0.116274,0.010635,0.116277,0.254506,GALAXY
601,0.999081,0.999296,0.677268,0.557129,0.999232,0.730882,0.141595,0.730885,0.875751,GALAXY
602,0.999133,0.999132,0.643993,0.55,0.999251,0.73789,0.109464,0.737888,0.835472,GALAXY
603,0.999062,0.998837,0.425225,0.357244,0.998785,0.086066,0.051218,0.086068,0.162343,GALAXY
604,0.998998,0.999211,0.628337,0.511317,0.999063,0.594903,0.092849,0.594903,0.728564,QSO
605,0.998973,0.99889,0.488053,0.422912,0.998957,0.099989,0.00139,0.099992,0.181458,STAR
606,0.999185,0.998927,0.471997,0.395556,0.998863,0.103904,0.057276,0.1039,0.290279,GALAXY
607,0.999084,0.999051,0.550258,0.45938,0.999012,0.32832,0.083017,0.328312,0.532906,GALAXY
608,0.99899,0.999037,0.586652,0.488224,0.999163,0.759398,0.246171,0.75971,0.847761,QSO
609,0.998753,0.998708,0.406081,0.349512,0.998777,0.051217,0.018589,0.051217,0.132851,GALAXY
610,0.99899,0.998994,0.496079,0.399785,0.998857,0.532282,0.084643,0.532286,0.65456,GALAXY
611,0.998935,0.99903,0.532718,0.443911,0.99897,0.558089,0.078639,0.558098,0.697979,GALAXY
612,0.998939,0.999029,0.614784,0.531786,0.99921,0.619493,0.277505,0.619494,0.774304,QSO
613,0.99866,0.998763,0.462655,0.418211,0.99897,0.083142,0.165892,0.083137,0.152922,QSO
614,0.998933,0.999021,0.624964,0.518798,0.999163,0.581947,0.101418,0.581956,0.70467,QSO
615,0.998915,0.998843,0.481649,0.41632,0.998877,0.366169,0.001452,0.366175,0.581786,STAR
616,0.998507,0.998529,0.340431,0.307165,0.998708,0.744406,0.001344,0.744402,0.883261,STAR
617,0.998676,0.998812,0.516919,0.477028,0.999119,0.131511,0.001364,0.131504,0.225696,STAR
618,0.999097,0.999162,0.645432,0.543722,0.999202,0.72966,0.114376,0.729664,0.863463,GALAXY
619,0.998603,0.998597,0.370038,0.325104,0.998728,0.194443,0.008788,0.194447,0.358138,GALAXY
620,0.999298,0.999121,0.571714,0.46234,0.999009,0.463158,0.083045,0.463154,0.662753,GALAXY
621,0.998787,0.998903,0.521664,0.473674,0.999065,0.174086,0.163266,0.17409,0.294375,QSO
622,0.998649,0.998573,0.323263,0.276569,0.998599,0.489864,0.017697,0.489862,0.677772,GALAXY
623,0.999121,0.999068,0.55151,0.455668,0.999002,0.420659,0.076001,0.42065,0.600765,GALAXY
624,0.999321,0.999056,0.525321,0.435063,0.998955,0.552076,0.073401,0.552072,0.677226,GALAXY
625,0.9988,0.998906,0.538443,0.469797,0.999084,0.85123,0.256627,0.851234,0.906881,QSO
626,0.999084,0.998916,0.462465,0.391288,0.99886,0.471209,0.049773,0.471216,0.612097,GALAXY
627,0.998539,0.998554,0.362897,0.330973,0.998768,0.234509,0.001362,0.234509,0.432141,STAR
628,0.999384,0.999113,0.581979,0.484983,0.99903,0.590337,0.07415,0.590343,0.706445,GALAXY
629,0.998972,0.998987,0.50977,0.406775,0.998885,0.321307,0.084848,0.321309,0.524167,GALAXY
630,0.998713,0.998674,0.383567,0.329273,0.998718,0.011973,0.018089,0.01197,0.029082,GALAXY
631,0.998795,0.998728,0.404014,0.345116,0.99876,0.180602,0.016105,0.180604,0.346259,GALAXY
632,0.998681,0.998668,0.396841,0.346662,0.998772,0.202589,0.013693,0.202589,0.359366,GALAXY
633,0.999167,0.999331,0.619722,0.468518,0.998961,0.076385,0.001431,0.076378,0.144866,STAR
634,0.998864,0.998871,0.498717,0.444463,0.999016,0.570797,0.001492,0.5708,0.744539,STAR
635,0.999023,0.999089,0.546763,0.448768,0.998981,0.501334,0.079697,0.501344,0.642409,GALAXY
636,0.999201,0.999142,0.633157,0.535587,0.999186,0.738367,0.120679,0.738376,0.833424,GALAXY
637,0.999149,0.998995,0.575972,0.510072,0.999291,0.471864,0.001336,0.471867,0.610049,STAR
638,0.998822,0.9989,0.538041,0.482781,0.999042,0.488555,0.116615,0.48856,0.63012,QSO
639,0.999027,0.998949,0.475844,0.39954,0.998882,0.128817,0.052558,0.128817,0.351174,GALAXY
640,0.998924,0.998958,0.54792,0.47534,0.999062,0.689269,0.246814,0.689276,0.793009,QSO
641,0.999238,0.998994,0.573785,0.515704,0.999169,0.517545,0.001367,0.517547,0.649508,STAR
642,0.998789,0.998891,0.54049,0.473921,0.999095,0.645787,0.243318,0.645794,0.744948,QSO
643,0.999043,0.999056,0.623215,0.551993,0.999268,0.516169,0.129811,0.516163,0.676816,GALAXY
644,0.998728,0.998694,0.395158,0.338518,0.998751,0.017018,0.019918,0.017018,0.048744,GALAXY
645,0.999172,0.999292,0.623437,0.49441,0.999052,0.59514,0.00141,0.595147,0.728973,STAR
646,0.998595,0.998599,0.372759,0.329735,0.998756,0.149496,0.011684,0.149499,0.342299,GALAXY
647,0.999195,0.999001,0.513144,0.424277,0.998933,0.327411,0.065781,0.327416,0.529082,GALAXY
648,0.998768,0.998858,0.514856,0.457816,0.999067,0.882328,0.193968,0.882339,0.930776,QSO
649,0.998833,0.998717,0.389369,0.332265,0.998727,0.096978,0.03007,0.096979,0.205898,GALAXY
650,0.998666,0.998694,0.421614,0.376031,0.998867,0.389058,0.001301,0.389056,0.625068,STAR
651,0.998733,0.99865,0.362536,0.311393,0.998688,0.128977,0.023582,0.12898,0.297378,GALAXY
652,0.999045,0.998934,0.471955,0.398528,0.998876,0.522516,0.049105,0.522514,0.656472,GALAXY
653,0.998973,0.999042,0.540364,0.453027,0.998993,0.361625,0.075863,0.361616,0.552294,GALAXY
654,0.999366,0.999207,0.597819,0.491373,0.999014,0.663873,0.089108,0.663871,0.906745,GALAXY
655,0.999069,0.999209,0.609887,0.495745,0.999083,0.347942,0.097706,0.347936,0.58124,GALAXY
656,0.998876,0.998978,0.56645,0.51124,0.999141,0.901471,0.155521,0.901474,0.931595,QSO
657,0.998901,0.998978,0.562251,0.487026,0.999078,0.578943,0.059812,0.578943,0.701939,GALAXY
658,0.998827,0.998969,0.561622,0.512649,0.999132,0.66232,0.191094,0.662324,0.850492,QSO
659,0.998774,0.998705,0.391405,0.33544,0.998731,0.193549,0.015989,0.193551,0.354997,GALAXY
660,0.998981,0.999029,0.599567,0.524016,0.999197,0.690905,0.23554,0.690905,0.829738,QSO
661,0.998795,0.998915,0.545774,0.485,0.999107,0.846182,0.201385,0.846429,0.896095,QSO
662,0.999293,0.999016,0.524951,0.43515,0.99895,0.408606,0.073321,0.408599,0.581376,GALAXY
663,0.999069,0.999159,0.574241,0.475518,0.999021,0.557362,0.086141,0.557365,0.700847,GALAXY
664,0.999069,0.999084,0.548601,0.450443,0.998998,0.300702,0.073899,0.300708,0.555844,GALAXY
665,0.998654,0.998809,0.519029,0.489473,0.999195,0.217082,0.001356,0.217083,0.407837,STAR
666,0.998994,0.999099,0.559964,0.454099,0.99899,0.35665,0.097018,0.356648,0.548061,GALAXY
667,0.99869,0.998663,0.397922,0.347237,0.998784,0.09161,0.014662,0.091605,0.165074,GALAXY
668,0.998951,0.999036,0.57339,0.482054,0.999073,0.759376,0.108283,0.759384,0.88408,GALAXY
669,0.998599,0.99859,0.363078,0.324501,0.998743,0.583495,0.001404,0.583503,0.750819,STAR
670,0.999259,0.999159,0.569414,0.451043,0.998972,0.471464,0.10056,0.47146,0.612234,GALAXY
671,0.999226,0.999144,0.599119,0.500581,0.999127,0.288011,0.073121,0.288006,0.533179,GALAXY
672,0.998776,0.998878,0.522617,0.468486,0.999065,0.87511,0.14032,0.87786,0.930639,QSO
673,0.998786,0.99877,0.449844,0.398946,0.998905,0.099665,0.001282,0.099666,0.189241,STAR
674,0.998906,0.99894,0.564205,0.505889,0.999123,0.518614,0.339853,0.518606,0.650191,QSO
675,0.999078,0.999068,0.546985,0.448752,0.998985,0.423019,0.072572,0.423011,0.60213,GALAXY
676,0.998984,0.999026,0.539117,0.447815,0.998981,0.279624,0.058076,0.279619,0.537138,GALAXY
677,0.99939,0.999171,0.610512,0.48313,0.999014,0.615987,0.104121,0.615992,0.738394,GALAXY
678,0.998521,0.998557,0.325992,0.279649,0.998615,0.311735,0.0233,0.311782,0.530994,QSO
679,0.998664,0.998642,0.372304,0.321697,0.998716,0.131021,0.015675,0.131015,0.388449,GALAXY
680,0.999018,0.999128,0.535461,0.438648,0.999043,0.546772,0.093984,0.54678,0.660158,GALAXY
681,0.999009,0.999215,0.636489,0.505496,0.999066,0.605416,0.100494,0.605407,0.784817,GALAXY
682,0.999262,0.998968,0.514111,0.429369,0.998945,0.298995,0.074165,0.298998,0.507919,GALAXY
683,0.998578,0.998531,0.322934,0.285442,0.998648,0.1771,0.001395,0.177103,0.335472,STAR
684,0.998629,0.998555,0.320586,0.2756,0.998606,0.091686,0.016303,0.091686,0.165756,GALAXY
685,0.998675,0.998666,0.391758,0.338558,0.998755,0.194612,0.012179,0.19461,0.392682,GALAXY
686,0.999027,0.999001,0.535347,0.447886,0.998985,0.390937,0.085567,0.390929,0.565674,GALAXY
687,0.998773,0.998642,0.338156,0.254932,0.998525,0.171164,0.001428,0.171159,0.293555,STAR
688,0.999305,0.999301,0.588601,0.478949,0.999033,0.336304,0.102953,0.336292,0.576324,GALAXY
689,0.998588,0.998661,0.414404,0.375251,0.998868,0.24004,0.001426,0.240046,0.444839,STAR
690,0.999127,0.999119,0.589655,0.482932,0.999046,0.193147,0.085963,0.193144,0.339569,GALAXY
691,0.999204,0.999102,0.571999,0.453238,0.998985,0.363253,0.089983,0.363244,0.557755,GALAXY
692,0.998966,0.998893,0.493689,0.429557,0.998956,0.198189,0.001433,0.198192,0.383534,STAR
693,0.998913,0.998897,0.530112,0.468544,0.999045,0.336872,0.413791,0.336862,0.536319,QSO
694,0.99878,0.998634,0.354714,0.305677,0.99868,0.363656,0.001446,0.363651,0.551611,STAR
695,0.999332,0.999144,0.663287,0.54146,0.999248,0.747255,0.135925,0.747252,0.882851,GALAXY
696,0.999094,0.999004,0.518826,0.415286,0.998885,0.065229,0.001412,0.065223,0.13763,STAR
697,0.999188,0.998995,0.586857,0.531494,0.999331,0.602716,0.367664,0.60272,0.815265,QSO
698,0.99906,0.999203,0.60283,0.491026,0.99906,0.661349,0.104966,0.661347,0.80284,GALAXY
699,0.999136,0.999034,0.515275,0.427552,0.998942,0.467234,0.068542,0.467226,0.608684,GALAXY
700,0.998688,0.99867,0.402456,0.351272,0.998791,0.066523,0.011978,0.066526,0.124522,GALAXY
701,0.998698,0.998678,0.393892,0.341319,0.998759,0.038932,0.014793,0.038922,0.087794,GALAXY
702,0.99913,0.999072,0.546031,0.449215,0.998979,0.388804,0.072751,0.388812,0.565401,GALAXY
703,0.999058,0.999004,0.503941,0.416414,0.998923,0.040071,0.06827,0.040062,0.088067,GALAXY
704,0.99886,0.998924,0.544905,0.48355,0.99906,0.459086,0.325096,0.459083,0.605953,QSO
705,0.998678,0.998743,0.439772,0.392079,0.998876,0.193465,0.037989,0.19347,0.358274,GALAXY
706,0.999095,0.998989,0.515481,0.407631,0.998868,0.213017,0.001418,0.213012,0.394593,STAR
707,0.999317,0.999001,0.528317,0.437217,0.998964,0.517703,0.071281,0.51771,0.652239,GALAXY
708,0.998683,0.998623,0.354829,0.304011,0.998658,0.190699,0.010964,0.190701,0.391316,GALAXY
709,0.998541,0.998503,0.300803,0.259383,0.998568,0.157323,0.013421,0.157316,0.315401,GALAXY
710,0.99881,0.998856,0.513374,0.462634,0.999053,0.514298,0.347962,0.51429,0.637084,QSO
711,0.999343,0.999204,0.609123,0.499398,0.999049,0.919211,0.112949,0.919225,0.934462,GALAXY
712,0.998959,0.999003,0.534441,0.44875,0.998981,0.285892,0.088308,0.285889,0.491808,GALAXY
713,0.998779,0.99874,0.410651,0.347379,0.998762,0.047723,0.030625,0.047716,0.104724,GALAXY
714,0.999265,0.999071,0.56712,0.501482,0.999162,0.309419,0.0014,0.309421,0.523758,STAR
715,0.99893,0.998968,0.488955,0.398202,0.998877,0.307804,0.075232,0.307793,0.54574,GALAXY
716,0.998418,0.998423,0.284101,0.257932,0.998594,0.131755,0.001414,0.131748,0.221191,STAR
717,0.998644,0.998553,0.321078,0.276207,0.998605,0.353724,0.012779,0.353717,0.547925,GALAXY
718,0.998843,0.998865,0.509786,0.454112,0.999001,0.305023,0.36216,0.305024,0.507783,QSO
719,0.999308,0.999181,0.605592,0.496497,0.999058,0.899836,0.086386,0.899845,0.927089,GALAXY
720,0.998979,0.999004,0.539334,0.44884,0.998992,0.504854,0.082638,0.504845,0.641999,GALAXY
721,0.998784,0.998699,0.397546,0.347789,0.998784,0.134029,0.001435,0.134028,0.230066,STAR
722,0.999258,0.99905,0.567013,0.490747,0.999132,0.219124,0.001994,0.219119,0.436783,STAR
723,0.998688,0.998625,0.359294,0.310385,0.99868,0.150392,0.010481,0.150395,0.25396,GALAXY
724,0.99933,0.999134,0.52319,0.416708,0.99889,0.463155,0.095974,0.463154,0.662753,GALAXY
725,0.998965,0.999029,0.527689,0.431563,0.998928,0.37513,0.081055,0.375132,0.589569,GALAXY
726,0.998668,0.998582,0.329413,0.281808,0.99862,0.150963,0.02112,0.150965,0.30639,GALAXY
727,0.999124,0.999055,0.600819,0.541912,0.999219,0.278229,0.011133,0.278235,0.487439,GALAXY
728,0.998823,0.998808,0.466533,0.414216,0.998942,0.167336,0.001421,0.167332,0.287138,STAR
729,0.999015,0.999063,0.547401,0.447093,0.998975,0.448492,0.08165,0.448498,0.599945,GALAXY
730,0.998758,0.998689,0.380921,0.325273,0.998707,0.159923,0.020201,0.159922,0.299153,GALAXY
731,0.999035,0.998969,0.520069,0.425364,0.998928,0.310969,0.001434,0.310968,0.52485,STAR
732,0.9988,0.998868,0.524371,0.469452,0.999066,0.299984,0.337184,0.299976,0.55598,QSO
733,0.998812,0.998851,0.500207,0.442248,0.999022,0.571124,0.001248,0.571126,0.696477,STAR
734,0.998708,0.998744,0.449879,0.394475,0.998913,0.181334,0.017868,0.181337,0.342299,GALAXY
735,0.999251,0.999119,0.577719,0.464881,0.99901,0.409007,0.143005,0.409006,0.585063,GALAXY
736,0.998914,0.999019,0.613386,0.548921,0.999192,0.479123,0.292132,0.479114,0.625205,QSO
737,0.99892,0.998877,0.450734,0.382942,0.998833,0.306407,0.041495,0.306408,0.547515,GALAXY
738,0.998861,0.998955,0.564848,0.501214,0.999138,0.851389,0.118669,0.851396,0.911114,QSO
739,0.999215,0.999128,0.566438,0.467578,0.999016,0.490849,0.074076,0.49084,0.665483,GALAXY
740,0.999141,0.999075,0.541152,0.443152,0.998968,0.468932,0.076644,0.468936,0.613053,GALAXY
741,0.998952,0.999036,0.61494,0.543981,0.999175,0.546053,0.184404,0.545721,0.660158,QSO
742,0.998869,0.998924,0.501433,0.433382,0.998973,0.111145,0.067345,0.111147,0.390634,GALAXY
743,0.999203,0.999381,0.642503,0.506087,0.999067,0.603949,0.10913,0.603941,0.890907,GALAXY
744,0.998457,0.998497,0.325735,0.292982,0.998672,0.175315,0.002646,0.175311,0.345576,GALAXY
745,0.99902,0.999056,0.589793,0.498624,0.999079,0.743003,0.108952,0.743018,0.882578,GALAXY
746,0.998888,0.998877,0.516387,0.437146,0.999113,0.401921,0.021405,0.401922,0.575642,GALAXY
747,0.999236,0.999042,0.541644,0.423663,0.998894,0.101792,0.001412,0.101783,0.180912,STAR
748,0.999052,0.999063,0.53938,0.446996,0.998969,0.559404,0.076601,0.559401,0.677499,GALAXY
749,0.998918,0.998934,0.514732,0.445472,0.998986,0.065797,0.040055,0.065793,0.181458,GALAXY
750,0.998488,0.998466,0.288274,0.250456,0.998553,0.356648,0.005955,0.356648,0.548061,GALAXY
751,0.998658,0.998558,0.316283,0.26748,0.998578,0.012141,0.00824,0.012133,0.027581,GALAXY
752,0.999082,0.998939,0.498708,0.421447,0.998929,0.581381,0.00137,0.581386,0.709585,STAR
753,0.999192,0.999071,0.549003,0.441635,0.998954,0.456811,0.083575,0.456803,0.605407,GALAXY
754,0.999058,0.999155,0.58966,0.468447,0.999014,0.390681,0.100614,0.390685,0.581103,GALAXY
755,0.998814,0.99873,0.403033,0.347157,0.998763,0.053171,0.0199,0.053172,0.109366,GALAXY
756,0.998985,0.999066,0.528956,0.435303,0.998959,0.530989,0.074511,0.530983,0.660705,GALAXY
757,0.999069,0.999112,0.62361,0.531815,0.999215,0.758168,0.119337,0.758163,0.843528,GALAXY
758,0.998708,0.998791,0.489742,0.444259,0.999,0.386696,0.118004,0.386695,0.559667,QSO
759,0.999259,0.999086,0.51983,0.426179,0.998922,0.330108,0.070958,0.330103,0.585199,GALAXY
760,0.998832,0.99885,0.527263,0.470795,0.999099,0.467143,0.001346,0.467144,0.642135,STAR
761,0.999067,0.998924,0.470855,0.394636,0.998858,0.443042,0.050529,0.443042,0.636401,GALAXY
762,0.998639,0.998599,0.352691,0.304983,0.998675,0.017839,0.007014,0.017832,0.041098,GALAXY
763,0.998903,0.99897,0.575559,0.517047,0.999218,0.525358,0.001363,0.525364,0.654014,STAR
764,0.998998,0.999048,0.58456,0.521586,0.999184,0.277914,0.908793,0.277909,0.491671,QSO
765,0.999042,0.999105,0.568758,0.46546,0.999018,0.276446,0.084628,0.276443,0.546969,GALAXY
766,0.998822,0.998847,0.501597,0.445596,0.999033,0.385726,0.001363,0.385718,0.560759,STAR
767,0.998636,0.998622,0.37611,0.333987,0.99876,0.210739,0.00154,0.210732,0.392135,STAR
768,0.998969,0.999142,0.632131,0.553614,0.999327,0.73047,0.11232,0.728198,0.829874,GALAXY
769,0.999052,0.998981,0.523893,0.439745,0.998965,0.322692,0.076402,0.322694,0.53154,GALAXY
770,0.999082,0.999077,0.568115,0.453146,0.999001,0.285649,0.122997,0.285644,0.49645,GALAXY
771,0.998604,0.998576,0.343053,0.30011,0.998675,0.144775,0.001397,0.144776,0.234708,STAR
772,0.998948,0.999016,0.606165,0.535387,0.999276,0.813197,0.230681,0.813207,0.939241,QSO
773,0.999106,0.999121,0.647841,0.575498,0.999199,0.831718,0.129825,0.828841,0.89432,GALAXY
774,0.99934,0.999008,0.504437,0.415624,0.998898,0.369187,0.078811,0.369188,0.555161,GALAXY
775,0.998682,0.99867,0.399012,0.349009,0.998785,0.182967,0.010446,0.182966,0.345849,GALAXY
776,0.999016,0.999136,0.61703,0.522927,0.999152,0.729826,0.099826,0.729827,0.874795,GALAXY
777,0.998961,0.999002,0.542631,0.450639,0.998964,0.350717,0.001412,0.350704,0.543282,STAR
778,0.998374,0.998381,0.263093,0.23916,0.998553,0.168631,0.001425,0.168634,0.291098,STAR
779,0.998635,0.998657,0.404411,0.361528,0.998826,0.254209,0.001305,0.254214,0.455898,STAR
780,0.998753,0.998827,0.509012,0.454339,0.99902,0.36316,0.314149,0.363163,0.56035,QSO
781,0.998497,0.998438,0.269978,0.236512,0.998533,0.2372,0.00138,0.237196,0.439924,STAR
782,0.999271,0.999158,0.587827,0.476507,0.999026,0.597178,0.100428,0.597183,0.734025,GALAXY
783,0.998556,0.998712,0.469037,0.438503,0.999028,0.277016,0.001382,0.277013,0.5284,STAR
784,0.999067,0.999009,0.516779,0.430837,0.998961,0.471863,0.069609,0.471867,0.610049,GALAXY
785,0.998822,0.998883,0.498866,0.434638,0.998953,0.065955,0.051975,0.065956,0.178318,QSO
786,0.999088,0.998968,0.485801,0.403743,0.998878,0.176856,0.067753,0.176859,0.334244,GALAXY
787,0.998695,0.998677,0.405497,0.361474,0.998825,0.575432,0.001416,0.575442,0.693337,STAR
788,0.998913,0.9988,0.41708,0.353834,0.998781,0.182644,0.042971,0.18264,0.351174,GALAXY
789,0.998724,0.998655,0.367882,0.314578,0.99869,0.205852,0.013935,0.205846,0.399918,GALAXY
790,0.998828,0.998951,0.552752,0.491789,0.999108,0.654831,0.196877,0.654833,0.793146,QSO
791,0.998999,0.999056,0.544198,0.446313,0.998979,0.526659,0.104256,0.526667,0.652376,GALAXY
792,0.998823,0.998933,0.570552,0.503255,0.999187,0.812965,0.236345,0.812963,0.937193,QSO
793,0.998982,0.999055,0.518934,0.42789,0.998935,0.328563,0.072268,0.328556,0.57373,GALAXY
794,0.998555,0.998578,0.358288,0.320113,0.998734,0.207552,0.001369,0.207556,0.383124,STAR
795,0.998824,0.998834,0.488691,0.432917,0.998989,0.186873,0.001333,0.186874,0.40811,STAR
796,0.998993,0.999006,0.538836,0.448454,0.999001,0.339954,0.07672,0.339956,0.535773,GALAXY
797,0.998684,0.998646,0.364519,0.313954,0.998688,0.018652,0.020731,0.018647,0.051884,GALAXY
798,0.998887,0.998989,0.57545,0.516581,0.999194,0.897884,0.211269,0.897891,0.935827,QSO
799,0.998621,0.998716,0.465464,0.433091,0.999048,0.005546,0.001432,0.005537,0.052567,STAR
800,0.999092,0.999066,0.555904,0.442142,0.998979,0.364295,0.09073,0.364303,0.552021,GALAXY
801,0.999044,0.999388,0.590565,0.477644,0.999024,0.622668,0.116886,0.622669,0.781677,GALAXY
802,0.998975,0.999067,0.612614,0.544059,0.999276,0.90082,0.379071,0.900822,0.930912,QSO
803,0.998954,0.9988,0.421916,0.344458,0.998749,0.069785,0.001421,0.069783,0.173949,STAR
804,0.99921,0.999207,0.610624,0.490318,0.999051,0.663954,0.107685,0.663952,0.899645,GALAXY
805,0.998573,0.998685,0.44291,0.407353,0.998958,0.015387,0.109856,0.01539,0.041098,GALAXY
806,0.998637,0.99866,0.405717,0.364319,0.998834,0.356574,0.00139,0.35673,0.547925,STAR
807,0.99913,0.999121,0.645312,0.539377,0.999223,0.730224,0.105902,0.730234,0.877799,GALAXY
808,0.998801,0.998803,0.482316,0.433666,0.998994,0.306666,0.001426,0.306653,0.508602,STAR
809,0.999057,0.9991,0.556326,0.450731,0.998997,0.483191,0.081469,0.483185,0.629301,GALAXY
810,0.999292,0.999038,0.536457,0.392181,0.998786,0.087051,0.0014,0.087045,0.166029,STAR
811,0.998635,0.998614,0.367427,0.323582,0.998729,0.05366,0.001423,0.05366,0.10964,STAR
812,0.999189,0.999124,0.58471,0.472804,0.999025,0.272211,0.079296,0.272209,0.490579,GALAXY
813,0.998842,0.999065,0.572598,0.517009,0.999139,0.665263,0.13417,0.665255,0.858411,QSO
814,0.998942,0.999054,0.605839,0.545755,0.999183,0.724698,0.130869,0.724697,0.879711,QSO
815,0.998693,0.998726,0.442391,0.397505,0.998909,0.356484,0.001451,0.356486,0.589022,STAR
816,0.999012,0.99908,0.564891,0.461825,0.999011,0.300719,0.091956,0.300708,0.555844,GALAXY
817,0.998662,0.998657,0.398145,0.349125,0.998789,0.141364,0.008188,0.141357,0.254369,GALAXY
818,0.998971,0.998901,0.462563,0.390579,0.998856,0.3735,0.045927,0.373504,0.589842,GALAXY
819,0.998873,0.99899,0.595425,0.512311,0.999197,0.648806,0.247698,0.648807,0.797652,QSO
820,0.998849,0.998746,0.384004,0.273383,0.998535,0.203809,0.001406,0.203811,0.398553,STAR
821,0.998994,0.998919,0.487745,0.407132,0.998898,0.099425,0.00139,0.099422,0.185145,STAR
822,0.998734,0.998767,0.435884,0.379485,0.998845,0.054472,0.203575,0.054474,0.141316,QSO
823,0.998953,0.999011,0.532155,0.438734,0.998953,0.422026,0.076331,0.422034,0.603768,GALAXY
824,0.999155,0.999063,0.543931,0.449077,0.998973,0.366509,0.08172,0.366501,0.592299,GALAXY
825,0.998702,0.998728,0.439415,0.392556,0.998898,0.414793,0.001466,0.414787,0.597351,STAR
826,0.999012,0.998879,0.510505,0.456745,0.999044,0.41967,0.474759,0.419673,0.600901,QSO
827,0.99931,0.999025,0.524187,0.434129,0.998946,0.279373,0.071254,0.279375,0.502731,GALAXY
828,0.99901,0.999079,0.529938,0.435856,0.998971,0.3258,0.070237,0.325788,0.529219,GALAXY
829,0.998968,0.998849,0.429041,0.35989,0.998792,0.106671,0.046765,0.106669,0.257783,GALAXY
830,0.998702,0.998638,0.359008,0.30812,0.998674,0.558582,0.01646,0.558586,0.677226,GALAXY
831,0.998992,0.999043,0.573768,0.470446,0.999036,0.38588,0.099828,0.385881,0.565674,GALAXY
832,0.999367,0.999,0.511132,0.412667,0.998913,0.307315,0.078835,0.307304,0.54574,GALAXY
833,0.998991,0.999147,0.60999,0.491211,0.999051,0.643016,0.271795,0.643026,0.7429,QSO
834,0.999148,0.999032,0.553607,0.458625,0.999101,0.401019,0.053404,0.401026,0.608547,GALAXY
835,0.999212,0.999197,0.599216,0.49072,0.999058,0.643113,0.085594,0.643107,0.75355,GALAXY
836,0.999151,0.999007,0.57756,0.52185,0.999207,0.318222,0.261645,0.318215,0.553113,QSO
837,0.999117,0.999187,0.613668,0.492682,0.999056,0.596524,0.001414,0.596531,0.728973,STAR
838,0.998734,0.998697,0.410238,0.355145,0.998796,0.105286,0.009892,0.105285,0.227062,GALAXY
839,0.999234,0.999075,0.548268,0.448284,0.998979,0.365941,0.078942,0.365931,0.552703,GALAXY
840,0.999257,0.998936,0.486459,0.39883,0.998872,0.546284,0.074464,0.546291,0.697979,GALAXY
841,0.998822,0.998833,0.505676,0.457539,0.999062,0.192495,0.001368,0.192492,0.371245,STAR
842,0.99873,0.998829,0.497559,0.444942,0.999021,0.218462,0.198405,0.218468,0.402649,QSO
843,0.998648,0.998675,0.416133,0.373255,0.998857,0.501346,0.001508,0.501344,0.642409,STAR
844,0.999155,0.999133,0.556777,0.449186,0.998982,0.551412,0.091961,0.551421,0.677635,GALAXY
845,0.999223,0.998873,0.44714,0.378281,0.998837,0.143715,0.045407,0.143718,0.305844,GALAXY
846,0.99913,0.998959,0.550496,0.490842,0.999123,0.477082,0.41965,0.477078,0.636947,QSO
847,0.998887,0.999037,0.543916,0.466195,0.998991,0.573569,0.083415,0.573569,0.694293,GALAXY
848,0.998687,0.998679,0.400967,0.348918,0.998784,0.092504,0.010722,0.092501,0.172583,GALAXY
849,0.99902,0.999134,0.595901,0.486117,0.999047,0.696516,0.121719,0.696523,0.797515,GALAXY
850,0.998705,0.998659,0.37344,0.319844,0.998703,0.011815,0.020657,0.011807,0.028536,GALAXY
851,0.999046,0.999016,0.590727,0.534966,0.999183,0.373429,0.42319,0.373422,0.557209,QSO
852,0.999223,0.998966,0.485778,0.408082,0.998896,0.397686,0.063268,0.397687,0.644593,GALAXY
853,0.998599,0.998702,0.432623,0.393236,0.998908,0.091846,0.156784,0.091849,0.204806,QSO
854,0.99894,0.998836,0.432913,0.36562,0.998802,0.661015,0.041737,0.661021,0.806253,GALAXY
855,0.998718,0.998731,0.4427,0.397681,0.99891,0.24803,0.001328,0.248025,0.458902,STAR
856,0.999014,0.999088,0.652143,0.549266,0.999141,0.73828,0.114807,0.738295,0.883124,GALAXY
857,0.998767,0.998697,0.389865,0.337739,0.99875,0.188992,0.023469,0.188991,0.34544,GALAXY
858,0.999131,0.998932,0.490257,0.409111,0.998899,0.132646,0.001391,0.132644,0.223102,STAR
859,0.998884,0.998984,0.521815,0.437047,0.998983,0.304532,0.075309,0.304535,0.507919,GALAXY
860,0.998999,0.998837,0.426681,0.360353,0.998787,0.340356,0.047449,0.340363,0.543555,GALAXY
861,0.998935,0.999064,0.522973,0.423414,0.998915,0.489855,0.087503,0.489862,0.677772,GALAXY
862,0.99921,0.999159,0.616033,0.526263,0.999238,0.737637,0.141145,0.737644,0.878482,GALAXY
863,0.998952,0.99892,0.526867,0.468067,0.999063,0.21252,0.001364,0.212523,0.405926,STAR
864,0.998695,0.998697,0.400846,0.344786,0.99877,0.20186,0.019099,0.201857,0.358138,GALAXY
865,0.999285,0.999081,0.546328,0.45018,0.998985,0.374486,0.068521,0.374481,0.560486,GALAXY
866,0.999013,0.999067,0.546226,0.444117,0.998959,0.329783,0.088528,0.329778,0.532086,GALAXY
867,0.999065,0.999172,0.649744,0.535413,0.999181,0.73047,0.114996,0.729745,0.874659,GALAXY
868,0.999135,0.99913,0.593072,0.468237,0.999,0.126705,0.001446,0.1267,0.213545,STAR
869,0.999265,0.999005,0.509124,0.423385,0.998929,0.35625,0.072414,0.356241,0.592436,GALAXY
870,0.998945,0.998828,0.43302,0.337642,0.998709,0.101873,0.001405,0.101865,0.181049,STAR
871,0.998679,0.998594,0.338736,0.289574,0.998633,0.183779,0.011265,0.18378,0.404697,GALAXY
872,0.99885,0.998949,0.550696,0.4963,0.99909,0.483105,0.126739,0.483104,0.629711,QSO
873,0.998405,0.998433,0.291622,0.264382,0.99861,0.034938,0.001409,0.034932,0.081103,STAR
874,0.999253,0.999076,0.544212,0.445744,0.998961,0.304949,0.081279,0.304943,0.549836,GALAXY
875,0.999329,0.998954,0.492003,0.406407,0.998889,0.471305,0.070504,0.471297,0.611824,GALAXY
876,0.998901,0.998906,0.539559,0.482722,0.999108,0.167497,0.001272,0.167495,0.378482,STAR
877,0.999051,0.998902,0.458307,0.384591,0.998835,0.302656,0.058864,0.302663,0.545467,GALAXY
878,0.998636,0.998645,0.387649,0.337822,0.998762,0.09275,0.019014,0.092745,0.166303,GALAXY
879,0.99889,0.998949,0.525569,0.442666,0.998958,0.390927,0.075317,0.390929,0.565674,GALAXY
880,0.999216,0.999009,0.514122,0.429024,0.998947,0.36643,0.063239,0.36642,0.555571,GALAXY
881,0.998894,0.998981,0.578361,0.51131,0.999152,0.634809,0.115604,0.634802,0.907018,QSO
882,0.999,0.998874,0.479045,0.414028,0.998925,0.064902,0.00141,0.064897,0.134216,STAR
883,0.998675,0.998771,0.466796,0.423778,0.998965,0.202428,0.141529,0.202427,0.399372,QSO
884,0.999025,0.999068,0.618964,0.548246,0.999221,0.89993,0.531333,0.899927,0.929956,QSO
885,0.999125,0.999035,0.543643,0.453929,0.998994,0.531394,0.069699,0.53139,0.658656,GALAXY
886,0.998987,0.998875,0.512817,0.453296,0.999053,0.3499,0.411921,0.34989,0.547378,QSO
887,0.999219,0.999024,0.53665,0.434605,0.998943,0.306172,0.090543,0.306164,0.50751,GALAXY
888,0.999183,0.999184,0.629135,0.514867,0.999069,0.610777,0.001316,0.610781,0.879437,STAR
889,0.998883,0.998984,0.575294,0.503542,0.999146,0.699123,0.27752,0.699129,0.797515,QSO
890,0.998561,0.998485,0.287723,0.24751,0.998539,0.058879,0.00952,0.058871,0.117422,GALAXY
891,0.998673,0.998637,0.368466,0.31622,0.998696,0.097472,0.021531,0.097468,0.198662,GALAXY
892,0.998846,0.998738,0.400802,0.341912,0.998752,0.149257,0.025173,0.149255,0.254096,GALAXY
893,0.998741,0.998633,0.358722,0.310833,0.998695,0.15585,0.001429,0.155851,0.410295,STAR
894,0.998959,0.999015,0.589131,0.531625,0.999125,0.880715,0.351339,0.88071,0.942108,QSO
895,0.998707,0.998649,0.374534,0.323754,0.998718,0.032574,0.011381,0.032571,0.073867,GALAXY
896,0.998928,0.998962,0.587419,0.535996,0.99921,0.552481,0.007314,0.552479,0.678045,GALAXY
897,0.99904,0.999049,0.627071,0.554699,0.999174,0.419341,0.001395,0.419347,0.599945,STAR
898,0.998909,0.998836,0.434064,0.366375,0.998806,0.368546,0.041686,0.368537,0.589432,GALAXY
899,0.998963,0.998925,0.465154,0.38727,0.998842,0.310475,0.055256,0.31048,0.512698,GALAXY
900,0.998961,0.998897,0.453485,0.379969,0.998839,0.083623,0.059346,0.083625,0.157974,GALAXY
901,0.999016,0.999082,0.562917,0.464281,0.999028,0.47953,0.07048,0.479521,0.633124,GALAXY
902,0.9986,0.998609,0.373092,0.327754,0.998735,0.022968,0.008518,0.022962,0.051611,GALAXY
903,0.998652,0.998658,0.385731,0.334475,0.998748,0.025085,0.028465,0.025079,0.101993,GALAXY
904,0.998387,0.998411,0.282129,0.256909,0.998595,0.399073,0.001394,0.399072,0.608684,STAR
905,0.999063,0.99905,0.521529,0.419546,0.998912,0.291098,0.085497,0.2911,0.601857,GALAXY
906,0.999064,0.998905,0.457017,0.385602,0.998852,0.299821,0.051405,0.299813,0.508329,GALAXY
907,0.998611,0.998627,0.387729,0.347431,0.998795,0.899186,0.00138,0.899194,0.931185,STAR
908,0.998912,0.998814,0.448734,0.390509,0.998874,0.424308,0.001375,0.424314,0.603768,STAR
909,0.998784,0.99873,0.400025,0.342074,0.99875,0.022156,0.024877,0.022148,0.057482,GALAXY
910,0.999001,0.999297,0.59098,0.477624,0.999006,0.879731,0.106787,0.879733,0.934462,GALAXY
911,0.99872,0.998634,0.355364,0.3047,0.998666,0.183776,0.016075,0.18378,0.404697,GALAXY
912,0.999459,0.998977,0.49726,0.40904,0.998886,0.558092,0.07423,0.558098,0.697979,GALAXY
913,0.999019,0.998985,0.568015,0.502179,0.9992,0.422353,0.001464,0.42236,0.599809,STAR
914,0.998982,0.999023,0.604227,0.553457,0.999265,0.383027,0.001431,0.383031,0.604997,STAR
915,0.999369,0.999044,0.529574,0.413921,0.998888,0.319518,0.099219,0.319518,0.5568,GALAXY
916,0.998977,0.998939,0.475658,0.400338,0.998879,0.386225,0.048008,0.386043,0.560076,GALAXY
917,0.998836,0.998744,0.402884,0.338622,0.99874,0.884208,0.001414,0.884211,0.931868,STAR
918,0.99887,0.998978,0.557848,0.50164,0.999198,0.597675,0.190851,0.597671,0.733069,QSO
919,0.99887,0.998976,0.576889,0.501626,0.999138,0.74016,0.247226,0.740168,0.846668,QSO
920,0.998408,0.998406,0.271095,0.245693,0.998567,0.024682,0.001418,0.024672,0.089569,STAR
921,0.998901,0.998905,0.455176,0.383752,0.998844,0.136549,0.054277,0.136552,0.242764,GALAXY
922,0.999159,0.999068,0.596137,0.520862,0.999144,0.736747,0.116025,0.736748,0.833971,GALAXY
923,0.998827,0.998929,0.538029,0.480872,0.999067,0.700598,0.169472,0.700594,0.842572,QSO
924,0.998726,0.99875,0.446756,0.396352,0.998904,0.168229,0.001473,0.168227,0.346942,STAR
925,0.99907,0.998809,0.419369,0.357042,0.998781,0.526336,0.042472,0.526342,0.657701,GALAXY
926,0.999008,0.999017,0.511091,0.416221,0.998903,0.468938,0.073216,0.468936,0.613053,GALAXY
927,0.998597,0.998534,0.317427,0.27541,0.998608,0.203321,0.007958,0.203322,0.395822,GALAXY
928,0.998707,0.998637,0.36589,0.316361,0.998696,0.047722,0.013285,0.047716,0.104724,GALAXY
929,0.999167,0.999042,0.537739,0.446715,0.999021,0.310317,0.068911,0.310317,0.512425,GALAXY
930,0.998976,0.999037,0.512323,0.419549,0.998902,0.468931,0.070474,0.468936,0.613053,GALAXY
931,0.999333,0.998969,0.532212,0.465882,0.999061,0.481233,0.508888,0.481231,0.635718,QSO
932,0.999007,0.999118,0.572609,0.460478,0.999002,0.533751,0.092503,0.533751,0.653741,GALAXY
933,0.999032,0.998994,0.535944,0.440293,0.998973,0.320991,0.095748,0.320984,0.528127,GALAXY
934,0.998492,0.998458,0.2875,0.253554,0.998575,0.261538,0.001308,0.261542,0.464227,STAR
935,0.998956,0.998933,0.53246,0.467489,0.999034,0.276034,0.001366,0.276036,0.49604,STAR
936,0.99903,0.998973,0.484465,0.408832,0.998879,0.551588,0.063658,0.551584,0.678045,GALAXY
937,0.998684,0.998687,0.419417,0.375908,0.998859,0.177187,0.001398,0.177184,0.335472,STAR
938,0.998643,0.998655,0.401007,0.358551,0.998816,0.158051,0.001447,0.158049,0.266248,STAR
939,0.999114,0.998937,0.536904,0.476874,0.999086,0.298921,0.001444,0.298917,0.511196,STAR
940,0.999187,0.999064,0.54936,0.448261,0.99898,0.27872,0.076172,0.278723,0.487712,GALAXY
941,0.999123,0.998972,0.557091,0.49228,0.999106,0.298761,0.001418,0.298754,0.507646,STAR
942,0.999059,0.999145,0.651874,0.590732,0.999303,0.575515,0.104862,0.575523,0.689241,GALAXY
943,0.999013,0.999095,0.569932,0.46422,0.999006,0.285322,0.089623,0.285319,0.495085,GALAXY
944,0.998952,0.998972,0.550183,0.488991,0.999146,0.813934,0.001527,0.81394,0.946887,STAR
945,0.998998,0.999095,0.551736,0.4545,0.998984,0.347208,0.083749,0.347203,0.540142,GALAXY
946,0.998922,0.998992,0.58584,0.509805,0.999121,0.619824,0.257582,0.619819,0.782632,QSO
947,0.998867,0.998937,0.541446,0.468071,0.99906,0.879652,0.073673,0.879651,0.935008,QSO
948,0.998626,0.998648,0.397912,0.352276,0.998799,0.126864,0.009049,0.126863,0.2571,GALAXY
949,0.999029,0.998963,0.513205,0.422274,0.998952,0.341908,0.001441,0.34191,0.580284,STAR
950,0.998862,0.998773,0.406469,0.347292,0.998763,0.37172,0.033923,0.371712,0.555844,GALAXY
951,0.998636,0.99865,0.400836,0.359536,0.998823,0.24786,0.00138,0.247863,0.452075,STAR
952,0.999115,0.999069,0.531675,0.43297,0.998944,0.456638,0.087422,0.45664,0.604997,GALAXY
953,0.999086,0.999091,0.569228,0.463127,0.999,0.480013,0.079492,0.48001,0.632168,GALAXY
954,0.998607,0.998607,0.367842,0.326788,0.998742,0.231248,0.001362,0.231252,0.427362,STAR
955,0.9993,0.999098,0.552048,0.458055,0.99902,0.389213,0.067138,0.389219,0.632851,GALAXY
956,0.998693,0.998609,0.343036,0.294519,0.998647,0.024274,0.018235,0.024265,0.084107,GALAXY
957,0.999014,0.999195,0.596627,0.480205,0.999028,0.725017,0.00142,0.725022,0.879301,GALAXY
958,0.998969,0.999012,0.549125,0.452933,0.999047,0.286634,0.08541,0.286622,0.540005,GALAXY
959,0.998887,0.998976,0.554419,0.489726,0.999117,0.604757,0.190213,0.604755,0.7855,QSO
960,0.998859,0.998736,0.396872,0.335717,0.99873,0.059118,0.028287,0.059116,0.141453,GALAXY
961,0.998753,0.998797,0.479837,0.428295,0.998957,0.372525,0.341405,0.372527,0.585336,QSO
962,0.998676,0.99867,0.391406,0.337345,0.998759,0.073284,0.02563,0.073284,0.156062,GALAXY
963,0.999237,0.999269,0.608885,0.51612,0.999119,0.443118,0.001432,0.443124,0.682277,STAR
964,0.998913,0.998944,0.583132,0.462354,0.999065,0.741636,0.113799,0.741633,0.838476,GALAXY
965,0.998595,0.998616,0.382928,0.343785,0.998788,0.851382,0.001412,0.851396,0.911114,STAR
966,0.998473,0.998486,0.320258,0.293093,0.99867,0.279375,0.001423,0.279375,0.502731,STAR
967,0.999322,0.999024,0.512113,0.425372,0.998932,0.458354,0.067264,0.45835,0.605953,GALAXY
968,0.998996,0.999095,0.58506,0.500286,0.999201,0.743183,0.12913,0.743181,0.886401,GALAXY
969,0.998908,0.999026,0.594576,0.528662,0.999187,0.724604,0.118255,0.724615,0.879301,QSO
970,0.998562,0.998561,0.367093,0.334026,0.998769,0.037866,0.001261,0.037863,0.11633,STAR
971,0.99903,0.999047,0.545709,0.450146,0.998985,0.336462,0.076735,0.336455,0.592299,GALAXY
972,0.999227,0.999102,0.557948,0.453973,0.999001,0.285236,0.077955,0.285237,0.495904,GALAXY
973,0.998952,0.999049,0.621531,0.562904,0.999234,0.328714,0.352959,0.328719,0.532496,QSO
974,0.998826,0.998752,0.403992,0.344454,0.998757,0.018245,0.028511,0.01824,0.043829,GALAXY
975,0.998962,0.999474,0.641614,0.513904,0.99904,0.662243,0.137306,0.662242,0.851311,GALAXY
976,0.999063,0.998991,0.52153,0.437676,0.998967,0.471373,0.076031,0.471379,0.613599,GALAXY
977,0.99913,0.999104,0.561627,0.462403,0.999015,0.465688,0.061347,0.465679,0.611824,GALAXY
978,0.999022,0.999248,0.61747,0.494073,0.999051,0.672255,0.102044,0.672258,0.899099,GALAXY
979,0.99897,0.999019,0.499492,0.422642,0.998911,0.309098,0.055537,0.309095,0.515429,GALAXY
980,0.9991,0.998966,0.506156,0.445695,0.998999,0.360797,0.544645,0.360801,0.55325,QSO
981,0.999343,0.999127,0.569191,0.464812,0.999034,0.44842,0.072422,0.448253,0.601174,GALAXY
982,0.998944,0.999088,0.543858,0.438034,0.998951,0.329054,0.092488,0.329045,0.535636,GALAXY
983,0.998893,0.998991,0.582676,0.512725,0.999154,0.867104,0.113502,0.867112,0.907837,GALAXY
984,0.998965,0.998917,0.523196,0.464197,0.999064,0.146329,0.001375,0.146324,0.239077,STAR
985,0.998825,0.998721,0.40288,0.34826,0.998765,0.190216,0.017725,0.190213,0.346942,GALAXY
986,0.999016,0.999169,0.591144,0.478519,0.999016,0.920028,0.104419,0.920039,0.941972,GALAXY
987,0.999308,0.998996,0.546713,0.479822,0.999095,0.31015,0.498822,0.310154,0.511196,QSO
988,0.999127,0.999043,0.563077,0.468663,0.999052,0.331973,0.078325,0.331976,0.536865,GALAXY
989,0.998911,0.999076,0.605182,0.48448,0.998991,0.846507,0.086082,0.846511,0.89432,QSO
990,0.999036,0.999112,0.627464,0.517574,0.999061,0.590106,0.140616,0.590099,0.706171,GALAXY
991,0.999047,0.998891,0.450168,0.379076,0.998829,0.02117,0.059095,0.021171,0.096122,GALAXY
992,0.99933,0.998977,0.49179,0.414603,0.9989,0.373501,0.059222,0.373504,0.589842,GALAXY
993,0.998935,0.99894,0.476627,0.391271,0.998855,0.37741,0.070018,0.377412,0.560213,GALAXY
994,0.998928,0.999058,0.527147,0.438066,0.998952,0.477085,0.063391,0.477078,0.636947,GALAXY
995,0.998982,0.99891,0.46402,0.392146,0.998867,0.527321,0.05244,0.527319,0.656335,GALAXY
996,0.998765,0.998686,0.388047,0.334896,0.998739,0.158862,0.013539,0.158863,0.298471,GALAXY
997,0.998614,0.998717,0.440389,0.402265,0.998926,0.073037,0.153478,0.07304,0.144866,QSO
998,0.998926,0.998969,0.586011,0.513277,0.999134,0.305523,0.007787,0.305513,0.548061,GALAXY
999,0.99892,0.998921,0.518818,0.432579,0.998953,0.333615,0.024849,0.333605,0.536455,GALAXY
1000,0.998847,0.998709,0.390898,0.338212,0.998754,0.239395,0.001421,0.239394,0.442927,STAR
